Re,D,U,r,theta,V_norm
1903.97,2.05,1.93,14.35,4.5256,0.9906
4756.04,1.99,2.51,5.89,4.3183,1.031
3673.37,4.63,2.4,41.23,0.6016,1.0098
3013.36,2,0.88,13.41,5.7967,0.9523
822.29,2.09,0.87,5.92,3.5718,0.9583
822.17,4.04,1.17,39.08,2.2854,1.001
337.51,2.8,1.4,16.53,4.7535,1.0289
4337.57,4.11,1.52,8.71,1.6171,1.2073
3025.52,1.26,2.2,8.61,4.3575,1.0397
3554.96,2.95,0.64,10.78,0.2495,0.9627
151.89,1.13,0.59,9.45,5.2742,1.0068
4851.05,1.25,1.48,10.57,2.8159,1.0163
4170.59,4.63,2.24,45.43,4.0005,0.9927
1101.08,1.56,0.98,8.98,1.3901,1.0342
950.03,3.13,2.1,16.8,4.2542,1.0183
957.85,2.64,1.15,20.9,4.8521,1.0154
1556,2.39,2.72,6.27,2.9733,0.8556
2647.54,4.6,2.74,28.28,3.8813,0.9858
2188.13,1.09,1.24,6.68,2.8672,0.9624
1491.58,3.66,1.07,8.26,5.6177,0.9897
3078.67,4.85,1.53,24.52,3.1282,1.0012
740.49,3.24,1.1,28.37,5.2892,1.014
1496.12,4.75,2.18,41.67,5.035,0.9916
1863.49,1.21,2.57,2.83,2.5793,0.9484
2307.55,2.68,2.18,6.08,1.4457,1.1621
3936.62,2.04,2.56,7.62,2.5515,0.9986
1038.39,3.92,1.49,35.06,5.1913,0.9978
2595.46,4.93,0.89,12.78,1.4303,1.1341
2982.45,2.03,2.34,15.44,3.2951,0.993
279.93,3.62,1.4,8.54,5.0649,1.2569
3057.35,1.79,2.18,12.18,2.221,1.0246
894.09,3.26,1.18,14.76,4.0351,1.0236
372.01,2.86,0.7,23.43,1.5433,1.0142
4746.98,4.89,2.98,17.04,0.6866,1.0517
4829.88,3.43,0.89,23.81,4.9913,1.0085
4051.57,2.4,2.97,8.4,0.6218,1.0113
1557.84,1.46,2.94,11.02,1.7051,0.9823
533.48,1.6,2.48,14.33,5.3728,1.0161
3436.95,1.9,2.15,4.9,2.1769,1.1094
2228.75,2,1.94,17.77,6.1138,0.9817
654.09,4.4,2.67,28.82,6.1559,0.9645
2501.13,3.24,1.22,8.37,1.6856,1.1399
220.22,3.09,1.67,15.88,0.2575,0.964
4551.14,1.46,2.05,4.18,4.43,1.1266
1330.96,4.44,1.53,33.1,2.8336,0.9908
3329.49,3.89,1.57,30.94,0.633,0.964
1592.97,1.27,1.33,3.05,4.4455,1.2047
2624.34,3.83,1.91,22.23,0.1959,0.9938
2756.22,3.17,2.63,26.74,5.4676,1.0278
965.03,1.33,1,12.55,0.8712,1.0021
4849.44,2.83,2.84,16.62,0.7999,0.9326
3886.91,2.94,2.22,28.15,1.1038,1.0445
4700.52,1.66,2.56,10.07,6.0335,0.9634
4479.4,4.78,1.89,23.2,4.3553,0.9702
3009.6,4.4,2.45,38.32,5.0352,1.0513
4613.28,3.68,0.54,20.92,2.4984,1.0886
488.04,2.85,2.55,15.7,2.1131,1.0156
1020.12,2.65,0.6,15,1.4733,1.0526
273.88,3.6,2.72,31.35,3.02,0.9874
1660.39,3.18,2.98,27.27,3.4672,0.9829
1973.95,1.25,1.24,6.16,3.9696,0.9919
1393.18,3.05,1.03,13.22,1.6155,1.0759
4152.25,4.23,2.41,24.01,5.9606,0.943
1815.93,2.84,1.13,18.07,1.0666,1.0267
1440.63,1.21,2.66,4.26,6.0674,0.9195
2736.35,4.15,0.76,34.19,0.0933,0.973
747.57,1.81,0.81,10.17,3.023,0.9771
4020.88,2.03,2.95,8.83,2.0946,1.0123
419.03,1.66,2.18,3.99,2.8219,0.8391
4935.09,2.32,2.62,8.19,3.5856,1.0073
3872.61,4.03,1.31,38.53,2.7369,1.0544
1033.64,3.08,2.19,12.6,2.6066,0.9794
77.33,1.82,1.99,5.34,4.6038,1.2668
4086.53,4.51,2.01,24.43,4.3095,1.003
3548.94,4.52,2.21,18.57,5.2356,1.0337
3658.59,4.48,1.94,8.06,1.5705,1.3157
3867.79,1.96,1.57,8.3,3.8298,0.9526
416.52,2.8,1.19,17.18,3.6769,0.9905
1824.41,4.94,2.42,30.58,2.3231,1.0036
623.55,4.09,1.07,18.52,3.054,0.9414
4322.36,1.11,2.23,5.88,1.9716,0.9849
3135.33,1.26,1.08,12.24,0.8912,0.9865
1687.95,2.86,2.06,13.44,1.3434,1.0395
364.61,4.64,2.37,17.13,0.663,0.9917
1589.36,3.15,1.05,11.26,4.2919,1.0577
1659.66,2.99,0.65,16.13,4.1515,1.0015
3661.55,1.42,0.83,11.31,5.9728,0.9953
3205.91,3.63,2.01,11.79,4.5847,1.0805
4441.7,4.29,2.62,32.29,0.327,1.0005
2387.46,2.52,0.61,4.24,5.5559,0.953
641.99,4.1,2.34,20.76,5.4203,1.0145
3580.56,4.86,1.35,39.32,2.7855,0.9876
3815.89,1.82,1.7,7.95,3.6811,1.039
2828.32,3.09,2.82,19.46,6.1329,1.0016
3866.29,2.15,1.33,6.97,3.3446,0.886
2494.29,4.17,1.66,32.57,5.6883,1.0491
2637.53,3.31,0.53,6.44,0.5217,0.8614
2166.33,3.54,0.7,30.95,1.2004,0.9916
175.82,4.19,1.15,13.35,2.7693,0.9328
584.06,2.58,0.57,23.08,3.6741,1.0061
205.57,4.66,2.08,20.96,5.1285,1.0339
3200.23,3.13,1.57,23.94,6.2094,0.967
1606.06,1.63,1.87,6.88,2.4432,0.989
2567.42,3.78,0.94,34.81,0.2979,1.0086
4542.45,4.17,1.24,10.75,5.0339,1.1832
1284,2.27,2.16,6.84,3.7974,0.985
2081.4,4.43,2.91,25.2,1.2475,1.0269
3789.98,4.62,0.63,10.16,3.1091,0.85
1182.55,2.11,2.73,6.67,4.6641,1.0957
431.05,4.93,1.94,46.98,4.8406,1.0151
1484.27,1.56,1.91,15.32,3.1392,0.9853
848.05,1.81,1.75,8.49,1.9177,1.0389
4652,1.74,0.67,16.24,6.1182,0.9839
4050.2,4.58,0.72,28.06,4.168,1.0103
3185.35,3.62,2,13.72,2.565,0.9619
4363.73,1.61,1.35,12.02,1.7622,1.0753
4028.18,2.76,2.79,19.61,4.5937,0.9898
973.52,3.46,1.52,34.29,1.5217,1.0029
4468.17,1.33,0.86,5.01,1.0789,1.1358
2719.74,4.53,2.29,32.67,3.329,1.0087
4046.83,4.21,1.23,8.19,1.822,1.1393
4485.65,3.02,1.81,7.45,3.9515,0.9973
1624.12,4.87,2.24,7.46,0.741,0.8719
594.76,2.67,2.75,26.7,4.1151,0.9981
1178.28,4.94,2.48,41.07,1.78,0.9762
2164.18,3.67,2.19,30.06,0.0015,0.9821
4099.17,3.54,2.2,20.64,0.7976,0.9543
4310.62,1.66,2.86,6.74,5.8661,0.9627
84.41,4.53,1.24,12.61,5.4497,1.1228
2578.2,2.71,0.5,10.62,1.4678,1.0659
2116.18,1.65,1.18,7.74,4.8907,1.0338
1149.43,1.05,1.04,8.33,3.8238,1.0141
643.33,3.24,2.15,19.72,6.1004,0.9839
1721.2,3.11,2.08,6.71,2.3474,1.0203
4717.4,3.88,1.98,6.41,4.2817,1.2552
1649.85,4.56,0.54,10.81,0.3992,0.9022
2618.01,1.32,2.32,6.57,2.4897,0.9495
3529.94,3.93,1.31,37.03,6.0558,0.9404
1849.97,1.75,2.16,12.1,3.3865,0.9801
4860.32,4.43,1.89,36.86,1.8088,1.1224
4814.11,4.28,1.36,23.37,0.7557,0.9888
1296.32,3.16,0.84,14.47,4.4204,1.0378
2511.38,3.84,0.74,9.3,4.0518,1.0291
1539.35,2.26,2.58,20.19,2.3495,1.0148
1459.96,2.88,2.8,23.53,5.9749,1.0017
232.59,4.29,2.12,12.56,0.1395,0.8755
3067.34,2.84,0.76,16.61,1.9084,1.0036
2538.26,2.43,1.51,13.72,5.7873,0.9652
304.82,2.98,2.32,20.28,2.0165,1.0097
1429.3,4.31,2.45,41.16,1.585,1.0122
4545.92,2.34,0.8,15.05,3.3566,0.9289
1235.83,1.7,0.5,10.33,5.1761,1.0018
767.23,3.85,2.28,7.42,0.6481,0.8794
2472.79,4.3,1.39,8.76,5.9252,0.797
4928.97,1.4,1.14,4.34,4.9956,1.0632
1248.17,1.96,0.53,3.48,1.1388,1.143
3377.07,1.57,1.85,12.26,4.4737,1.0172
3820.02,2.39,2.63,18.29,2.4188,0.987
1226.31,2.8,2.89,7.44,2.5277,0.9395
3654.67,4,1.91,34.39,4.9216,0.9761
1870.53,3.6,1.79,10.15,6.0494,0.8956
3179.91,3.48,0.71,14.14,0.7958,1.0079
3185.97,2.41,1.87,8.71,2.6429,0.9128
2702.08,4.37,1.45,20.36,3.0218,0.9823
496.93,2.89,2.02,10.57,2.3644,0.9972
4184.75,4.92,1.47,27.81,2.282,1.0089
1637.86,3.54,1.1,17.55,0.3284,0.9872
973.27,1.51,0.74,14.88,4.3074,1.0161
251.84,3.7,1.29,7.32,2.7408,0.8039
2974.92,2.3,0.74,6.23,1.2239,1.0891
3403.94,3.75,0.94,7.3,5.1273,1.2074
132.11,1.28,2.97,8.72,5.0426,1.018
2584.86,1.7,1.61,3.34,3.0561,0.729
1171.15,4.42,1.83,38.08,1.8752,1.0018
3243.61,1.91,2.68,11.17,4.0093,0.938
913.11,4.35,2.99,26,1.8105,1.0263
3470.14,2.12,1.96,13.28,1.4829,1.0222
1964.34,3.57,2.53,10.54,4.59,1.1572
4686.81,3.78,1.32,12.01,0.2534,0.9316
730.73,3.05,1.26,12.84,0.5954,0.9902
1738.28,2.22,1.51,14.54,0.0427,0.9646
611.69,1.85,2.18,6.08,0.961,1.0425
4627.23,1.13,2.21,2.82,0.4335,0.876
4392.83,2.22,1.29,21.6,6.2568,1.0236
1326.81,3.61,0.83,6.09,1.8146,1.2504
3316.92,4.75,2.08,39.56,0.9379,1.0122
4095.25,4.48,0.82,36.77,1.5142,0.9335
2798.24,4.06,1.95,16.36,5.8819,0.9507
2671.77,4.15,2.23,11.02,3.2683,0.8761
1247.17,3.66,2.25,10.02,2.2922,0.9859
510.86,2.04,2.38,15.16,5.4877,0.9952
4491.22,4.63,2.68,32.23,2.4818,1.0331
4507.07,3.68,1.75,30.03,2.1049,1.0027
3183.85,3.24,2.33,30.69,1.3024,0.994
1728.2,1.44,2.05,10.66,2.3738,1.0002
1778.59,2.79,0.97,7.88,1.9898,1.1096
3643.48,2.84,0.56,10.14,4.2556,1.0918
4490.7,4.46,1.21,38.6,1.8195,1.0639
4441.08,3.19,1.61,10.45,3.6267,0.9699
3910.38,2.52,2.04,5.34,0.414,0.8506
3228.06,4.91,2.62,36.7,1.2019,0.936
466.49,1.44,0.99,7.1,2.5598,0.9812
850.06,2.69,0.81,25.07,5.887,0.9879
4497.84,1.17,2.91,8.21,2.3703,0.9153
3051.82,3.96,0.77,8.98,4.1725,1.0764
95.53,4.67,1.7,44.65,1.6028,1.009
552.28,2.12,1.96,7.84,0.7982,1.0043
3334.33,4.43,1.85,19.36,0.3678,0.9891
75.05,2.17,0.72,10.67,1.919,1.0329
846,4.64,0.64,8.99,0.9906,1.0451
2766.23,4.02,0.76,22.97,1.0933,0.9913
3474.88,4.22,1.96,10.75,4.78,1.0908
3277.21,1.07,1.86,5.26,0.0995,0.9018
1160.13,4.85,1.08,21.74,3.5048,0.9486
3575.29,3.91,2.09,31.52,2.3842,0.9675
1224.38,2.22,2.55,18.48,3.1827,0.9837
1660.73,4.32,0.6,12.11,3.5364,0.9081
3745.13,2.13,1.75,9.81,1.9689,1.0461
3265.68,4.49,2.22,20.99,1.8542,1.0313
4253.66,1.45,1.13,4.04,4.6081,1.1291
3305.18,3.81,1.27,31.61,5.4744,1.0385
2863.13,3.16,2.03,23.76,1.21,0.9796
513.69,1.39,2.74,4.32,0.6134,0.9723
1870.19,1.97,2.52,9.08,5.641,0.9875
1362.75,1.05,1.96,2.52,2.1985,1.0291
1257.75,2.88,2.33,19.66,3.464,0.9941
4866.4,2.21,1.41,5.58,2.2591,1.0833
1995.83,3.39,2.1,33.53,0.7904,0.9813
4465.63,2.19,1.67,17.81,3.7029,0.9854
3174.14,2.2,0.97,10.6,3.2996,0.9681
3984.32,3.97,2.25,25.5,1.2754,1.0094
2538.05,1.19,1.89,11.03,2.8392,1.0052
2905.67,4.61,1.4,28.64,5.0074,1.0298
2487.96,4.41,2.78,13.15,3.7098,1.0102
1016.45,3.67,0.55,17.32,0.6089,0.9698
3626.14,3.37,1.29,29.23,3.4433,0.9846
1439.82,4.57,0.64,31.87,4.4154,1.004
170.36,1.74,2.42,12.24,4.9807,1.0185
3245.09,1.32,2.26,11.67,3.9529,0.9483
926.7,1.96,1.33,17.82,0.9592,1.0074
4705.27,4.18,2.19,38.93,4.4622,0.9805
4771.95,1.14,1.49,2.63,4.2559,1.0911
4578.58,3.33,2.39,20.4,0.1535,0.9084
1882.29,4.98,1.64,38.83,2.5871,0.984
126.51,4.42,1.53,35.09,2.092,1.0095
4645.18,3.09,2.84,20.54,4.206,1.011
2169.51,1.25,1.13,3.66,1.358,1.1031
4834.94,4.33,0.8,35.81,3.7126,1.0745
4819.92,3.4,1.96,25.88,5.7378,1.0049
4272.4,1.46,2.92,3.26,5.0127,1.1445
1507.52,1.38,1.44,7.49,5.7897,0.9888
1956.23,4.64,0.66,13.82,6.1481,0.8837
4263.13,3.68,1.35,16.06,0.067,0.9266
1618.76,4.32,1.76,7.14,3.9128,1.0522
888.99,4.52,0.9,22.14,2.5939,0.9899
2806.17,3.29,2.15,20.29,5.4026,0.9945
4683.97,3.07,2.99,20.77,1.5822,1.0304
3495.35,2.72,1.63,19.43,6.164,0.9447
2871.8,2.27,1.39,19.52,3.856,1.0107
531.02,2.74,1.5,9.12,4.9859,1.0739
3094.29,4.1,0.79,10.34,0.5378,0.9257
4950.77,3.41,2.71,29.78,1.1527,1.0523
743.42,4.57,1.54,12.94,4.7652,1.2101
2615.73,2.77,1.47,27.14,0.1381,0.9894
4393,3.43,2.15,29.69,5.1326,0.9313
3716.8,3.53,1.61,20.3,0.0876,1.0815
3500.23,3.37,2.12,33.14,4.1288,1.0652
3527.3,3.81,0.65,8.87,2.294,1.0612
1829.48,1.95,2.53,7.95,3.8421,0.9778
1503.28,3.05,2.85,21.12,4.3733,1.0146
4056.34,1.42,2.12,6.34,2.1518,0.9988
4060.06,2.54,2.89,23.84,0.6783,1.049
4342.01,2.95,0.88,6.07,0.4376,0.8534
4570.54,3.61,1.69,22.27,3.7004,0.9529
2581.14,4.8,2,31.32,3.2714,0.9651
2532.51,3.4,1.95,23.98,4.6634,1.0484
4001.56,3.97,1.5,14.6,3.2028,0.9905
3267.32,3.03,1.35,13.91,2.6543,1.0242
3524.74,3.54,0.82,30.67,2.5013,1.023
3989.17,1.28,1.48,4.05,0.1662,0.8956
4455.53,2.02,0.91,17.21,2.1084,0.8622
1723.08,2.45,2.34,15.38,6.1325,0.981
1909.14,2.89,1.02,23.06,5.4887,1.0004
515.21,1.18,0.65,8.95,2.0695,1.0103
2912.49,1.56,1.88,5.09,3.6932,0.9629
227.91,2.11,1.99,13.35,5.3237,1.0057
2354.71,4.89,2.68,43.37,2.7726,1.0038
2736.09,2.33,1.94,12.03,0.1128,0.9809
1468.38,2.93,1.36,28.45,0.4682,1.0038
2974.62,1.78,2.51,9.54,3.2069,0.9934
200.98,3.44,1.85,9.34,6.0912,0.8965
234.87,2.12,0.7,10.21,4.3556,1.0321
4121.87,1.83,1.91,17.53,0.4456,0.9903
1832.94,3.07,2.77,12.93,1.1898,1.0431
678.95,1.02,1.49,9.07,4.8464,1.013
2635.1,1.03,1.24,9.27,5.2869,1.0314
3861.47,1.88,0.86,8.4,3.8811,1.0215
1118.31,1.15,0.88,2.53,4.049,1.1328
3133.31,1.43,1.58,10.97,0.178,1.0532
472.47,2.36,1.99,9.77,5.2058,1.0336
305.82,4.21,0.7,34.33,4.9529,1.0016
2680.21,3.29,2.85,17.3,1.6276,1.069
2726.14,3.05,2.39,17.16,4.4527,1.0128
3205.28,2.17,1.97,17.64,1.35,0.9881
3644.15,4.73,2.57,22.45,0.2534,0.947
4880.47,2.59,0.7,13.63,1.2638,1.0079
2605.69,1.35,1.69,6.33,1.1224,1.0448
1648.63,3.47,2.08,16.03,2.1221,0.9963
3986.17,1.46,2.57,8.69,2.6292,0.9428
1390.62,2.38,2.46,19.94,3.1952,0.9906
2222.91,3.03,1.19,13.86,2.9955,0.9682
438.36,4.5,2.85,26.78,1.7007,1.0301
175.49,2.97,0.81,21.42,0.1833,0.9806
4815.11,3.81,2.69,14.44,3.802,0.938
4188.1,4.97,2.93,19.18,2.4865,0.9636
3495.07,1.53,0.94,14.4,1.8766,1.0176
2074.32,2.1,2.31,16.06,5.4472,1.0327
907.81,2.58,0.6,16.52,4.6919,1.0058
824.36,2.69,1.51,18.83,5.3895,1.0028
1288.7,2.64,1.79,4.62,3.1101,0.656
2768.67,4.63,1.95,31.27,0.8227,0.9561
3587.25,3.86,2.84,22.48,4.3745,1.0578
3317.98,3.43,2.18,21.07,1.2948,1.0408
1435.67,2.24,1.7,10.19,2.7723,0.9714
4776.58,4.3,2.52,9.42,0.4084,0.9005
3702.59,4.82,2.88,15.15,5.1856,1.0446
2794.05,4.28,0.56,41.05,0.7913,0.9881
3078.02,1.01,2.96,5.01,5.6743,1.054
2127.02,3.55,0.72,19.38,5.4301,0.9998
1276.27,1.2,2.54,2.35,2.9191,0.7728
1812.06,2.03,1.2,3.69,4.677,1.3335
3801.34,1.24,0.83,9.4,3.8921,0.9287
121.25,3.42,1.6,20.74,5.0459,1.019
624.56,3.75,2.11,21.82,2.7131,0.9773
277.71,1.46,1.45,5.2,4.9374,1.0743
251.61,2.54,0.64,19.85,2.9057,0.9875
4284.53,2.82,2,8.28,5.9123,0.9572
3533.11,2.48,2.76,7.71,3.056,0.8637
2397.16,1.48,1.46,8.04,2.9067,1.0085
534.28,2.68,1.04,10.52,4.9328,1.0537
2483.5,4,1.61,14.43,5.1621,1.0549
2393.69,1.28,0.62,8.97,3.484,0.984
907.35,1.32,2.55,9.29,1.1297,1.0114
2197.57,2.42,2.57,20.58,2.939,1.0167
2022.6,4.77,1.97,24.08,6.0826,0.9498
3098.46,3.67,1.38,7.79,4.7312,1.188
3193.71,3.71,2.5,14.21,5.0967,1.0508
274.25,2.45,1.89,24.06,0.2062,0.9894
1904.33,3.37,2.56,22.17,2.9396,1.043
3148.01,1.04,2.08,7.84,4.0628,1.0262
2540.52,3.54,2.46,5.54,5.2152,1.1718
4289.62,4.65,2,27.48,0.3096,0.9315
3310.53,3.45,1.54,6.28,5.356,1.0123
856.53,4.49,2.89,28.49,3.4457,0.9709
399.32,3.9,1.85,36.34,1.2398,1.0096
3229.98,1.48,2.01,14.42,1.9934,1.0531
181.23,4.61,1.05,28.1,1.7714,1.0269
2949.59,1.27,2.06,6.83,3.3355,0.975
4704.14,3.14,1.93,29.89,0.3248,0.9761
2898.6,1.57,0.96,11.33,0.9961,1.0158
1971.44,1.05,0.65,2.15,5.1063,1.177
3234.28,2.69,2.01,14.67,0.8332,1.0593
2318.35,2.18,2.41,7.72,1.4665,1.0737
2750.8,2.94,1.81,16.17,2.8486,0.9702
4710.25,3.31,1.07,17.77,3.2492,0.8618
1961.21,1.17,2.17,7.58,4.7979,1.0199
4807.89,1.49,0.7,6.76,2.8107,1.0023
4531.49,3.23,1.6,9.37,4.9629,1.0593
1019.17,2.37,0.91,13.72,3.8852,0.9903
393.34,3.92,0.96,33.51,0.7106,1.0012
548.85,3.61,1.01,25.78,0.9823,0.9996
140.2,4.38,1.47,19.18,2.746,0.9655
517.49,3.77,0.63,35.63,2.4937,0.9943
3430.88,2.72,1.49,25.17,4.6718,0.9983
402.38,3.69,1.78,12.11,3.6489,0.9497
1628.93,2.1,1.71,3.86,2.4387,0.9825
4232.13,2.23,1.46,17.36,1.0729,1.1131
165.2,4.16,2.6,35.47,1.4253,1.0144
4081.62,2.79,0.86,27.1,3.616,0.9586
1445.18,4.19,1.76,38.01,2.6605,1.0095
634.92,4.29,0.66,28.33,3.2354,0.9755
3498.85,4.43,0.68,26.61,1.0724,1.0634
3163.27,4.67,1.93,8.1,4.1652,1.2211
4393.49,2.72,1.92,9.8,5.3567,0.8949
3688.6,2.28,2.7,12.3,1.6207,0.997
4027.23,3.33,1.89,22.78,3.0883,1.0168
1446.07,2.48,2.9,15.5,6.1294,0.9777
928.33,3.4,0.62,26.6,2.0938,0.9988
3765.54,3.82,0.75,14.82,3.7388,0.9537
4043.83,3.75,0.61,23.66,0.5667,0.9125
4953,2.5,0.96,5.62,3.8077,0.9687
2092.46,1.67,1.85,8.36,0.5632,1.0298
1891.49,2.72,2.11,21.44,6.0271,1.0012
3893.24,1.57,0.61,11.61,4.4966,1.1019
1736.98,4.56,2.86,45.24,4.9522,1.0244
4657.25,2.38,2.61,9.21,4.424,1.1047
4299.14,1.62,1.24,9.28,3.7054,1.0722
2173.52,1.1,0.69,4.74,2.8269,0.965
3766.81,3.58,0.92,18.79,5.3933,1.0011
3784.99,3.55,0.82,31.16,6.012,1.028
560.46,2.36,0.81,17.28,3.1355,0.9895
4517.64,1.29,1.8,11.58,5.853,0.9703
2551,2.64,1.11,8.52,3.6652,0.9373
4140.96,2.24,1.4,20.03,3.3828,0.9946
1634.25,3.71,2.97,7.45,2.8556,0.8097
4482.84,3.42,2.21,30.99,1.315,1.0464
1976.55,2.46,2.87,10.56,0.0234,0.9178
103.65,1.87,0.86,7.81,1.5174,1.0591
4531.64,4.95,1.46,28.98,3.2027,0.942
501.87,2.82,1.89,26.74,2.3874,0.998
1630.6,3.75,0.69,7.15,2.8179,0.7757
4752.81,1.56,0.51,7.02,6.1616,1.0803
4755.51,2.94,2.18,25.84,2.2008,1.0156
2888.52,1.11,2.1,5.4,2.8411,0.9409
3177.59,3.02,1.53,9.65,0.8389,1.0426
2269.81,4.86,1.72,24.82,0.3013,0.9862
1501.39,2.54,1.54,12.12,4.872,1.0389
1676.89,1.16,0.56,10.73,3.5857,1.0068
3378.97,1.12,1.34,8.96,4.7796,0.9877
3774.25,2.55,0.94,14.78,0.9416,0.991
3968.32,1.64,0.75,16.24,3.5929,0.9139
3958.61,1.09,2.89,5.96,1.5937,0.9812
501.47,4.02,2,8.03,1.433,1.1344
2497.38,2.83,2.32,10.57,0.0724,0.9699
334.92,2.16,1.29,11.23,0.819,1.0034
2770.17,4.6,1.48,13.04,1.9432,1.1313
2235.58,1.46,1.09,13.99,0.7344,0.9954
4444.14,4.82,0.74,38.68,6.1943,0.9739
1787.03,2.26,0.95,8.53,1.9392,1.0539
629.48,4.55,2.49,29.7,0.8188,1.0011
757.81,3.41,2.19,26.04,1.2509,1.0122
3819.48,4.31,1.87,40.92,3.6926,1.0387
3110.18,4.94,1.69,44.39,0.4024,0.9961
550.56,2.15,2.81,12.66,5.4188,1.0089
466.33,4.84,0.68,39.17,6.0413,0.9913
3519.8,2.56,1.2,16.06,1.5504,1.039
410.18,2.54,1.37,15.76,2.828,0.9751
4118.21,2.36,2.46,5.85,0.1391,0.785
3545.9,3.17,2.98,8.14,4.0257,1.049
452.68,1.62,1.1,9.7,2.6008,0.9865
469.95,3.21,2.69,12.17,1.6968,1.0681
4933.87,3.17,2.58,5.32,1.2996,1.2725
1902.64,4.05,1.06,30.94,4.1093,1.0554
1884.68,4.33,1.5,7.7,2.6152,0.8517
4073.36,2.76,1.52,18.12,1.1288,0.9338
4738.88,2.21,2.95,13.44,4.3298,1.0354
4930.71,2.04,0.95,19.83,3.5505,0.9743
3779.22,1.78,2.5,9.99,5.3952,1.0189
1912.48,1.23,1.34,2.51,0.7381,0.9771
463.33,2.37,2.33,14.67,4.9365,1.0295
3896.88,2.08,1.55,18,4.2318,0.949
2814.1,4.87,1.95,48.53,0.7226,0.9831
2149.9,3.23,2.58,16.66,4.3657,1.0384
4536.45,2.39,2.51,10.09,2.7743,0.9941
600.43,3.32,2.67,30.58,5.9375,1.0041
2488.49,1.56,0.65,4.87,0.8898,1.0499
106.2,2.78,2.23,18.69,4.039,1.0051
2369.87,3.5,0.85,17.34,2.4001,0.9762
328.7,2.96,1.54,5.47,6.0118,0.7312
638.15,2.61,1.87,11.61,2.0733,1.0241
631.75,4.98,1.51,18.68,6.0456,0.9416
3263.59,4.52,1.8,33.15,5.6642,1.0025
3742.92,3.49,2.99,33.42,1.6989,0.961
2937.68,3.28,0.84,12.38,5.0488,1.0429
4812.75,3.48,2.19,29.25,6.2556,1.0281
1905.61,1.81,1.49,3.56,1.5875,1.2361
1464.27,2.58,0.83,15.67,2.7444,0.9895
4349.57,1.16,0.9,2.43,3.2684,0.7993
1156.8,2.9,2.87,27.39,1.8531,1.0283
4817.95,3.17,2.7,25.42,0.0959,0.9961
110.16,1.91,2.77,13.55,1.3831,1.0181
4850.9,4.86,2.98,41.29,1.7715,0.9683
263.64,4.64,1.02,32.48,2.7872,0.9853
4461.16,3.89,1.39,37.86,1.0751,0.8969
2662.12,3.13,2.17,23.72,5.4868,0.9956
4965.18,4.48,1.71,41.93,4.4291,0.9994
415.29,1.52,1.55,8.98,0.5353,0.9809
2791.58,4.16,1.39,10.38,4.0847,1.0429
4848.05,1.5,1.98,8.98,4.107,1.0494
2639.33,4.18,1.94,10.77,6.0081,0.8822
3165.52,2.1,0.9,13.75,0.019,0.9798
3493.96,4.51,1.68,25.25,1.5578,1.0426
2299.98,4.78,1.88,32.44,5.8295,0.9889
3156.41,1.6,1.93,2.53,5.8568,0.7281
2942.36,2.85,1.03,9,4.5276,1.0978
4510.73,4.92,2.36,27.95,4.8114,0.9647
274.96,2.93,0.56,28.1,0.5748,1.0001
1440.77,4.45,1.39,21.2,3.2288,0.9619
4754.54,3.35,2.45,17.13,1.4551,1.0093
4456.81,2.5,1.91,18.95,1.1386,0.9555
2305.5,2.14,1.15,14.21,5.0913,1.0258
3119.66,1.81,2.24,7.33,0.8485,1.0059
1423.04,4.05,1.92,20.2,2.9446,0.9855
981.2,2.55,2.49,8.53,5.8973,0.9348
2345.31,3.05,2.34,29.57,1.1676,0.9877
1799.09,2.97,2.03,7.75,6.1449,0.8774
2939.1,3.31,1.72,15.42,6.2473,0.9813
434.79,4.46,0.83,7.67,3.491,0.7988
4873.25,4.92,1.15,16.66,1.069,1.0824
4931.74,2.63,1.55,21.4,1.9861,1.0084
3505.9,4.31,2,13.84,2.6672,0.9549
2703.68,4.06,1.78,8.85,1.9435,1.1839
1582.16,3.29,1.22,18.23,1.7633,1.0402
4078.29,4.82,0.52,7.65,6.1087,0.5383
3439.42,1.8,1.74,4,0.9636,1.1203
854.95,1.44,1.21,12.02,4.6076,0.9938
4559.09,4.42,2.34,35.58,0.0026,1.0782
4121.56,2.76,0.56,25.58,3.7459,0.9256
4751.51,4.39,1.96,38.45,5.755,0.9639
3642.31,4.57,2.85,33.41,1.8091,1.0152
3086.41,1.25,0.94,2.43,1.1657,1.162
2120.3,4.53,1.68,36.97,4.0946,1.0264
4667.01,2.79,0.73,24.26,4.4774,0.9625
4337.02,3.04,2.06,25.22,4.323,1.0217
273.83,3.51,1.88,20.41,2.0063,1.0177
180.52,4.71,1.52,16.37,1.5846,1.0831
1913.49,1.08,1.8,9.35,6.0062,0.9875
4062.24,2.91,2.74,22.33,5.8013,0.9942
4937.02,3.75,0.99,36.9,2.8734,0.964
794.56,3.89,0.56,10.99,5.3168,1.1053
2990.95,3.77,2.65,12.89,2.842,0.9392
1935.41,1.54,1.94,5.07,2.6665,0.9678
4851.08,2.2,2.73,18.1,0.985,0.9768
4218.49,2.43,1.99,7.52,2.6792,0.904
4199.73,4.22,2.53,8.72,3.3767,0.8245
2370.03,2.12,1.57,21.12,0.1414,0.9896
2103.36,1.84,2.37,3.15,2.7904,0.7841
1403.37,4.83,2.78,41.53,4.9094,0.9998
329.06,1.04,1.93,4.77,4.2729,1.0249
4330.38,4.99,0.95,43.19,3.9908,0.9787
4073.86,3.71,1.17,23.04,5.7149,0.9582
4998.6,4.31,1,39.53,0.1133,0.9845
4983.35,2.18,1.12,20.42,3.5,0.9597
2799.39,1.06,1.27,1.67,4.9471,1.354
3856.49,3.95,1.89,8.46,3.4013,0.8074
4726.59,4.34,1.97,15.73,2.0351,1.0544
4255.75,3.96,1.57,28.48,0.8561,1.0096
1274.37,1.57,2.04,14.22,5.5767,1.0006
2280.19,4.01,0.7,21.71,2.9579,0.9676
689.34,4.08,0.72,27.14,5.5174,1.0029
4772.55,3.63,0.93,11.27,3.681,0.9173
3050.56,4.06,1.8,33.91,4.2361,1.0511
1181.78,4.38,1.03,42.62,5.0533,1.0054
3374.92,3.45,1.21,13.07,4.1416,0.9868
3109.73,1.35,1.5,7.73,2.5011,0.9975
1822.91,2.95,2.53,6.59,3.2273,0.7891
612.11,1.31,0.53,8.19,5.0457,1.0243
3374.29,2.63,2.12,15.19,2.3477,1.0755
2625.52,2.63,2.17,7.17,2.4386,0.9593
3872.98,1.26,2.5,6.65,0.6012,1.0004
2624.81,2.4,2.83,10.4,5.7465,0.9297
4268.3,1.44,0.55,8.57,0.572,1.008
2781.94,4.23,0.88,27.42,4.0728,0.9825
2826.64,4.79,2.72,7.53,2.5962,0.8671
4389.44,1.29,1.65,10.27,2.5486,0.9459
2047.24,4.82,1.91,36.45,4.2698,1.0262
713.38,3.09,2.16,14.26,0.4216,0.9766
192.47,2.2,2.2,4.29,3.7304,0.9955
3787.93,1.31,2.83,10.35,4.8508,0.9826
3120.53,3,2.99,28.88,5.2038,1.0556
3535.19,4.18,2.3,14.8,1.0715,1.0188
1104.17,3.83,1.22,16.27,5.6387,0.9622
725.04,1.2,2.7,3.68,4.1227,1.0487
122,1.29,0.62,8.27,5.5409,0.9969
1785.41,2.61,1.08,7.35,3.0491,0.892
2970.09,2.18,2.74,9.88,3.4057,0.9469
1991.61,1.93,1.14,14.33,5.7745,1.0026
2215.5,2.12,1.05,13.3,5.6543,1.0235
4525.59,4.21,0.85,20.16,2.8159,0.9109
1773.86,4.72,2.65,23.92,1.7242,1.0271
2594.25,2.62,1.75,16.45,2.4704,0.9926
3929.08,4.62,2.19,7.17,2.4364,1.0784
2012.89,2.29,1.1,4.95,1.8024,1.1577
3129.33,2.91,2.4,26.12,1.6875,0.9934
4318.7,1.9,2.4,4.12,5.4102,1.067
4750.13,3.56,1.28,26.74,0.439,0.9613
778.01,4.92,1.53,45.82,4.2576,1.0083
4636.61,3.41,1.02,12.98,1.0859,0.9688
2485.98,2.43,2.94,11.3,2.1646,1.0733
1328.31,3.59,2.11,22.75,0.3867,0.9644
2322.72,1.49,2.84,13.42,1.6963,1.0045
4901.16,4.55,1.26,43.3,4.8281,1.0092
2488.46,3.01,2.45,23.45,5.5607,1.0457
1677.32,2.8,2.41,6.26,1.3919,1.1314
3185.33,3.34,2.23,24.03,2.9126,1.0459
1238.72,3.5,2.91,17.45,2.9551,0.9721
425.52,1.29,1.48,7.08,5.4888,1.0029
687.95,3.73,0.83,7.15,4.7928,1.3516
683.83,1.97,2.18,6.15,3.2238,0.903
801.92,3.86,2.32,31.69,4.2144,1.0023
737.19,4.29,1.94,22.99,5.3241,1.0217
3222.33,4.22,1.02,17.13,0.0599,0.9086
950.31,3.21,1.76,15.29,2.5314,0.9847
1761.05,3.08,1.28,26.99,5.7004,0.9852
4489.1,1.57,1.57,12.36,4.6515,0.9717
2396.11,4.1,2.11,15.65,3.4108,0.9594
3354.41,2.09,2.36,5.21,3.3279,0.8716
902.98,2.99,1.08,10.88,2.1851,1.0387
1001.83,2.14,1.51,19.93,3.2705,0.9711
252.3,1.54,1.17,9.89,4.1179,1.0119
886.23,3.52,1,21.23,2.6287,1.0082
1429.02,1.22,2.46,8,4.4872,1.0145
926.2,3.99,2.77,18.42,5.4113,1.0267
489.08,2.27,1.43,18.98,0.9719,1.004
647.15,1,2.38,5.95,2.8372,0.9681
2330.85,3.04,2.74,7.59,2.5637,0.932
1071.35,1.19,2.62,3.08,4.3195,1.1737
1853.14,2.1,0.96,12.76,1.57,1.0117
2541.92,3.83,2.89,36.22,4.0228,0.9869
3467.45,1.25,1.44,5.15,5.5134,1.0205
244.6,4.36,1.35,38.74,2.6272,0.9935
4007.08,1.02,0.66,8.12,5.7241,1.0167
3158.11,1.99,1.72,7.17,6.2402,0.9309
454.71,3.96,0.77,7.17,0.6666,0.8608
4374.21,2.27,1.12,5.36,1.4643,1.1532
4608.32,1.41,1.29,10.83,5.9714,0.997
352.34,2.44,2.52,7.8,6.0214,0.9133
1420.54,2.08,2.69,9.69,0.6139,1.0037
4040.7,4.37,1.26,25.2,0.0942,0.9448
3753.89,2.25,2.65,17.28,1.0122,1.0499
963.38,4.16,2.64,10.23,6.2581,0.8308
1086.28,4.57,2.41,22.63,1.131,1.0286
1883.84,2.74,0.87,15.38,3.1576,0.9591
2448.39,4.64,2.23,28.29,5.3308,0.9843
3110.36,2.51,2.86,21.22,0.1282,0.9322
1876.12,4.86,2.21,14.37,3.7981,0.9711
2339.55,1.36,1.33,11.35,1.7406,1.0059
3749.98,3.75,1.75,27.7,5.4182,1.011
231.58,2.98,2.11,18.52,1.781,1.026
1299.56,2.55,1.78,18.99,4.315,1.0069
3581.08,3.53,0.8,17.66,4.2362,0.9921
4481.27,3.82,1.28,10.21,1.3917,1.065
2582.8,1.02,2.51,7.28,0.2186,0.9948
2683.96,1.67,2.65,9.94,2.5714,1.0257
580.5,3.85,0.84,26.71,1.8171,1.0257
2264.69,3.67,2.88,16.03,5.083,1.0553
2686.46,4.86,1.32,44.79,5.0288,1.0267
1250.23,4.04,2.16,26.26,2.8716,1.001
1382.75,4.8,2.38,10.69,3.8108,1.0009
1917.56,3.81,2.53,20.28,3.7967,1.0039
149.35,2.19,2.86,17.38,5.1972,1.0086
1644.29,1.42,1.28,11.73,2.6704,0.969
1096.67,4.13,2.65,23.54,1.7307,1.0217
1671.11,3.58,0.83,32.57,1.6653,1.0117
642.82,1.19,2.26,4.5,3.369,0.9379
4458.11,2.44,2.35,12.18,2.8221,1.0539
2988.28,4.83,2.19,44.11,2.7654,0.9937
3411.56,3,1.13,27.37,0.5726,1.0353
3956.4,2.73,2.68,20.01,4.5151,1
2517.29,2.83,0.92,24.91,1.3429,1.0038
480.26,1.84,0.63,4.14,1.2375,1.0484
2708.68,2.47,2.29,21.91,2.5934,0.9741
2954.86,2.48,1.69,10.48,1.4312,1.0695
3739.93,1.21,2.62,3.65,3.6685,0.9508
2186.71,4.07,1.46,14.39,2.334,1.0274
681.52,2.67,0.92,13.47,2.8206,0.9701
1454.69,4.29,2.59,15.59,3.3751,0.9279
1847.26,4.4,1.87,18.6,1.2789,1.0869
3247.29,1.85,0.97,4.89,0.9786,1.0531
2875.35,3.63,2.3,14.58,5.5319,1.0311
1812.68,2.89,1.78,18.39,2.7252,0.9763
4933.25,4.52,2.01,23.76,2.5893,1.0193
3048.59,1.86,1.65,8.28,0.2238,0.983
1224.27,3.71,2.57,29.11,3.1289,0.9863
553.82,3.43,2.57,31.2,3.482,0.9776
806.65,2.18,2.27,17.3,3.5113,0.9885
1267.49,1.55,0.76,6.68,4.4424,1.0619
845.37,3.61,2.6,28.23,1.1152,1.0145
973.51,3.95,2.18,11.04,1.5848,1.0687
1461.22,2.26,2.24,5.9,5.094,1.1209
908.2,3.58,1.41,15.88,5.9512,0.954
4488.99,2.58,2.7,21.59,0.8541,1.0205
447.16,3.85,2.31,13.85,3.1268,0.9245
2646.33,1.8,0.78,3.66,1.3457,1.2314
2081.46,4.56,1.52,11.95,0.3775,0.8889
4912.77,2.15,2.72,18.92,2.0452,1.0275
604.59,2.47,0.62,17.02,0.9028,1.0052
2019.39,1.23,2.9,4.5,4.4606,1.0464
4848.88,1.45,2.2,8.99,3.3535,0.8671
4334.26,3.06,2.08,18.33,0.9037,1.0256
4094.51,2.07,1.18,14.64,0.0581,0.9873
1326.62,4.34,1.12,15.12,5.0778,1.0546
895.89,1.06,2.86,9.37,1.1071,0.9932
3359.78,2.52,1.25,10.39,3.809,1.0091
4650.41,2.35,2.44,17.39,2.1169,0.9962
2805.98,1.08,1.48,1.76,3.6787,0.905
2879.48,1.5,0.85,6.99,1.9833,1.0854
1435.9,2.65,0.53,11.92,0.5463,0.9474
3858.99,2.97,1.86,18.18,1.4008,0.9982
975.87,2.62,2.94,5.54,1.1816,1.0957
1652.21,3.12,1.42,25.67,2.6893,1.0149
2155.91,3.38,1.39,11.33,4.1361,1.0041
2562.67,1.04,1.36,7.54,1.6575,1.0683
1249.93,2.86,1.8,23.79,0.0758,0.9874
618.44,4.85,1.6,30.46,3.2606,0.9748
3072.57,3.08,2.7,23.99,3.8061,0.9901
1478.72,3.71,1.76,26.44,6.0499,0.976
2927.13,2.25,1.77,10.16,3.7038,1.0106
814.1,4.1,0.85,34.3,2.9605,0.978
2431.64,4.09,2.96,16.39,3.6028,0.972
2686.32,3.09,1.12,19.61,5.8302,0.9746
306.53,4.9,0.68,38.43,5.2049,1.0068
1716.19,1.5,2.16,7.09,2.0293,1.0723
715.35,1.07,1.99,4.35,1.4907,1.0625
363.71,4.08,1.54,22.05,1.6502,1.0361
4950.3,4.23,1.56,35.74,3.1694,1.0423
1645.65,1.48,2.46,13.93,4.675,0.9879
4058.88,2.06,0.99,12.65,3.1618,1.0446
1310.47,1.07,2.55,7.62,0.426,0.9543
3423.44,2.17,2.12,19.95,4.5464,0.9849
3813.13,4.09,1.55,9.57,5.0641,1.1284
2998.41,3.07,1.65,10.67,1.819,1.0911
2384.3,2.39,1.14,18,4.1728,1.0137
2088.61,2.49,2.38,21.14,2.6804,0.9882
1776.9,1.01,1.78,8.83,5.5865,0.9976
4651.17,2.2,1.3,11.06,5.3107,0.9696
4161.57,3.59,1.99,8.1,3.3014,0.7543
4826.88,4.9,2.99,25.57,4.3449,1.0626
665.27,4.39,1.59,15.19,5.5502,0.9993
3667.79,1.09,2.8,4.35,3.1147,0.9949
4694.79,4.59,1.36,37.05,1.9682,0.9737
947.1,4.13,0.64,8.85,4.7354,1.2945
379.16,4.12,1.01,35.17,1.3827,1.0117
3718.55,2.83,1.55,14.54,2.4412,1.0386
2893.64,2.59,1.05,17.02,5.4395,1.0325
4217.05,2.21,0.5,5,4.5517,1.1985
741.87,1.26,2.79,5.52,2.5372,0.9801
3986.57,1.91,2.61,4.33,1.3493,1.2114
1048.06,1.99,2.36,19.21,2.2366,1.0094
860.1,2.94,0.92,24.55,1.7851,1.0071
863.12,3.99,0.8,21.57,1.1064,1.0094
4082.14,2.9,0.67,9.85,4.6705,1.0744
3342.73,1.23,2.31,11.62,1.5838,1.0619
2639.17,4.83,2.82,21.4,2.8536,0.9879
1826.21,4.77,1.58,13.68,2.4244,0.9548
4392.14,4.14,0.8,26.03,6.1706,0.9241
1992.6,4.97,1.78,47.28,2.4573,1.0232
4092.17,3.18,1.37,4.87,0.5025,0.6771
2223.72,4.85,1.44,17.1,0.5644,0.9796
1915.87,1.3,2.05,12.34,3.7118,0.9836
2340.26,2.46,2.3,7.28,3.7659,1.0159
1541.82,1.9,0.78,4.68,2.6311,0.8982
3750.67,1.78,0.59,11.32,2.7134,1.0268
2538.47,1.56,2.99,13.8,0.3389,0.9947
1199.45,3.49,1.08,19.39,3.2456,0.9713
4502.89,4.13,0.63,41.06,3.1714,0.9012
1950.26,3.31,0.97,24.1,0.9396,0.9629
2740.59,1.59,0.6,3.38,0.6524,0.9362
4537.04,4.24,1.48,42.19,0.7764,1.0111
3139.98,3.54,2.51,17.6,0.6348,0.9534
628.65,2.55,1.35,10.06,3.8309,0.9829
4702.17,3.7,1.61,23.07,1.2345,1.0466
3157.15,2.04,2.19,8.34,1.5798,1.0776
1707.78,2.38,1.77,5.32,1.0906,1.09
739.4,4.67,2.65,7.06,6.0183,0.5635
3980.42,2.16,2.67,11.51,5.3697,0.9628
3119.36,2.88,0.52,24.81,1.4482,1.002
2690.63,4.56,2.45,29.03,2.0582,1.0584
4474.77,3.83,1.65,38.28,1.3188,1.0118
3953.56,1.25,2.97,4.92,3.0905,0.9409
800.79,1.59,1.71,6.17,0.1232,0.9543
1593.02,1.03,2.97,2.95,4.2183,1.0788
1280.02,3.52,2.39,10.2,3.2871,0.9019
3732.53,2.79,1.12,10.95,5.6463,1.0451
215.99,1.54,1.85,12.66,1.0329,1.0064
2870.95,4.83,2.98,44.45,5.0524,1.0339
3824.17,3.12,2.64,30.53,4.976,0.9715
4389.99,1.97,0.74,6.84,0.7991,0.9755
1743.3,3,2.27,26.99,2.5042,1.0032
4115.22,3.72,1.36,15.95,1.0691,1.0631
597.63,1.3,0.52,3.21,1.6005,1.0757
4239.94,2.1,1.51,18.67,1.654,1.079
681.07,4.23,1.09,29.2,3.4949,0.9837
2016.57,2.84,2.55,8.23,2.585,0.9675
3996.61,3.19,1.34,16.42,5.9548,0.9568
792.09,2.73,2.57,10.77,0.794,1.0103
1184.79,1.18,0.5,9.13,6.1179,0.9868
3625.15,1.66,1.27,8.9,1.4491,1.05
3614.18,2.78,1.1,27.57,4.8561,1.0251
3223.68,1.84,1.08,3.61,2.1298,1.0799
3485.04,1.2,0.67,5.42,0.899,0.973
2736.49,4.37,0.97,24.48,5.3903,1.0101
1296.41,4.92,1.89,28.45,1.9406,1.0005
1761.2,4.17,1.23,17.46,4.1397,1.0395
948.91,4.42,1.54,33.99,3.5591,0.997
4546.83,1.97,1.44,17.58,2.9641,1.0031
2937.79,4.84,2.69,45.9,3.1153,0.9559
2034.21,1.79,2.76,14.92,4.6008,1.0421
2336.93,4.81,1.73,41.95,0.5515,1.0418
4739.05,4.98,1.33,30.77,4.1983,1.0207
809.09,3.85,0.77,32.78,5.6286,1.0007
2951.84,4.92,2.88,20.09,0.3631,0.9619
2554.15,3.28,0.65,16.02,0.8838,1.0226
3076.7,2.04,1.24,8.55,4.5027,1.0485
139.65,2.75,1.25,15.04,2.7475,0.9767
4367.01,3.37,1.3,13.25,2.5356,1.0187
4663.99,1.29,0.91,12.5,0.8606,1.1111
2847.41,3.49,2.46,14.51,3.1841,0.9025
3498.42,4.92,0.81,11.49,0.7951,1.0072
4616.37,1.76,2.09,10.52,2.9947,0.9188
3550.83,4.17,0.81,8.28,4.7979,1.308
805.07,4.63,0.68,11.3,1.6227,1.0843
2902.63,4.77,2.77,16.07,3.0209,0.8726
3053.24,4.84,0.98,26.37,6.233,0.986
2149.45,3.09,2.55,15.99,4.3144,1.0639
3695.4,4.91,1.86,40.73,5.2864,1.0306
4675.12,4.03,0.69,31.37,2.6066,1.0018
4631.56,1.65,2.89,8.44,4.8246,1.0561
2281.65,2.91,1.12,12.61,0.2545,0.9862
610.53,3.87,2.65,16.23,0.7723,0.9948
4924.96,1.99,0.92,16.07,1.2759,1.0073
4202.55,3.56,2.63,6.92,2.5255,0.9253
667.08,3.67,0.53,5.9,5.314,1.1598
4608.17,1.65,1.78,13.64,2.1757,0.9901
4355.99,3.26,2.42,18.11,4.1131,1.0605
2618.25,4.09,2.84,10.68,4.4568,1.1569
2976.81,3,2.77,10.49,3.6831,0.9837
2025.06,1.05,2.55,9.88,2.2446,1.0055
321.07,1.04,2.72,9.12,3.6257,0.9944
1709.23,2.43,1,18.29,2.1505,0.9935
4024.12,4.7,1.21,26.34,0.527,0.9722
72.93,1.91,1.22,11.34,6.238,0.9718
1700.82,3.54,1.44,34.63,0.7991,1.0051
2020.94,1.89,1.48,18.33,0.4546,1
2710.11,2.29,1.86,7.61,5.52,0.9963
4603.29,4.39,0.9,36.87,1.8965,0.9939
1764.41,3.92,2.23,12.44,4.0859,1.091
1767.42,1.38,0.92,4.58,2.0672,1.0685
3700.63,2.71,1.28,19.67,2.4596,1.0116
2288.48,1.12,1.76,5.52,1.6469,1.0351
1161.79,2.92,2.49,27.53,2.1554,0.9992
2289.58,3.65,2.35,8.24,2.5805,0.9213
747.24,1.47,2.11,8.62,4.5265,1.0295
923.12,2.16,0.89,20.06,3.2141,0.9712
2516.92,2.59,1.87,23.8,5.9286,0.9515
2123.68,4.68,0.72,13.24,0.2631,0.8763
4578.49,4.97,1.44,22.96,3.1609,0.9626
1843.85,1.18,1.53,7.98,3.6708,0.9851
2923.91,4.04,0.6,11.55,5.7818,0.9863
3179.71,2.49,1.18,24.19,0.3089,0.9443
114.82,2.57,2.89,23.84,3.6034,0.9922
3334.51,4.02,2.88,11.73,5.3635,1.0923
931.28,4.67,1.38,11.82,1.5201,1.0884
4807.3,4.8,0.61,10.69,5.5059,1.0496
785.88,3.31,0.95,30.54,0.1197,1.0047
2102.39,2.43,1.48,7.64,4.6021,1.0842
472.48,4.15,2.87,20.91,5.8629,0.9737
4984.53,2,0.85,10.65,4.1293,1.0009
2535.87,3.26,2.41,21.46,2.7585,0.934
2997.16,2.43,0.77,5.14,0.282,0.7879
382.03,3.63,2.95,12.43,5.7812,0.9603
3762.3,1.96,1.45,18.47,2.955,1.0098
1089.03,1.77,2.44,16.29,0.1822,0.9958
4495.37,4.67,1.36,38.04,4.3343,0.9941
1065.44,1.41,2.07,2.34,3.0275,0.6429
993.9,3.02,0.98,12.94,0.7813,1.0137
230.92,1.88,0.87,12.88,1.3463,1.0182
2386.73,1.16,2.85,4.44,0.4052,0.9615
2845.96,1.14,2.79,10.56,3.6084,0.9977
375.26,1.7,2.72,11.72,3.9083,1.0049
3888.86,4.47,2.06,9.43,3.1777,0.8143
2293.78,2.13,2.52,19.65,5.134,0.9781
2645.73,4.8,0.67,46.29,5.4099,0.9705
2231.78,3.33,1.34,7.19,3.8681,1.0214
2033.78,2.75,1.28,16.55,0.0802,0.9715
2820.22,3.32,2.09,13.54,4.3683,1.0343
818.44,3.07,1.39,14.84,2.6264,0.987
950.54,4.04,0.87,12.21,3.5535,0.9311
4315.84,2.13,1.99,13.66,4.0783,1.0098
4733.27,2.41,2.54,23.26,2.2006,1.0403
1897.88,4.58,1.46,26.43,5.7623,0.9781
1390.19,4.79,0.83,10.55,0.8418,1.025
3237.8,4.57,0.99,30.94,4.2192,0.9867
2073.23,2.68,1.09,11.76,0.0274,0.9619
175.66,4.12,1.25,36.17,5.8098,0.995
822.96,2.91,2.11,15.09,0.7069,0.9835
3594.06,2.99,2,9.39,0.5962,0.9547
3311.67,1.82,2.24,5.68,2.0923,1.0931
184.13,3.36,1.41,27.03,2.3472,1.0025
1148.76,1.74,2.56,6.56,1.3465,1.0623
1193.82,2.33,1.01,18.66,3.6764,0.9839
3375.87,4.42,1.67,14.37,2.7829,0.963
147.57,1.83,2.5,7.74,0.2147,0.9513
565.34,1.28,0.95,7.01,2.0084,1.0153
4009.58,1.28,0.77,12.14,5.0921,0.9598
933.8,4.76,2.71,44.87,4.3335,1.0103
3281.09,3.03,1.36,9.87,4.5545,1.1106
1229,2.64,2.21,11.99,4.3864,1.0352
542.23,4.24,0.56,11.75,1.9539,1.0125
1253.7,4.34,2.23,25.34,0.6262,0.9823
3625.22,2.33,1.29,12.61,1.712,0.9561
4285.7,3.77,0.64,34.56,5.2263,0.988
4159.59,4.08,2.02,38.41,6.1605,0.9917
2016.06,3.62,1.1,17.23,3.1029,0.9504
3357.02,1.61,1.47,9.12,0.0609,0.9303
1064.67,4.5,0.7,41.06,0.8799,0.983
1501.08,3.16,0.87,26.38,2.0237,1.0012
4486.86,2.13,1.24,3.26,3.6354,0.8848
114.36,2.7,0.72,11.4,0.4718,0.9696
473.27,1.15,2.78,5.85,5.9273,0.9767
1079.04,1.51,0.52,5.22,2.2939,1.005
181.33,4.06,1.71,12.98,5.7339,0.9573
948.11,1,0.81,1.82,4.9042,1.3424
2936.06,2.67,1.27,18.58,4.7466,1.0392
2136.05,3.09,2.82,11.53,3.8121,0.9947
4468.72,1.22,0.9,2.37,3.9382,0.9513
4096.35,4.89,2.91,16.94,4.0087,0.9814
1742,1.9,1.01,15.84,3.9504,1.0003
1334.15,2.22,2.35,19.37,3.4792,0.9963
1929.48,2.22,1.87,12.42,6.1978,0.9835
2971.96,1.92,2.71,9.68,4.6011,1.0428
1376.92,1.01,1.88,9.87,4.8817,1.0144
3139.54,3.92,1.84,12.55,5.4818,1.0105
2076.59,4.87,0.99,16.21,1.3549,1.0968
2782.63,1.9,0.92,7.55,0.5266,0.979
2208.83,3.65,2.79,10.84,3.0341,0.8893
1507.61,3.97,1.32,18.75,3.2301,0.9519
4744.84,4.39,1.43,40.61,5.2099,1.0103
3829.85,2.69,2.4,18.11,2.7884,1.0019
743.56,2.21,1.35,11.06,3.5868,0.9773
4348.92,2.3,2.88,21.73,3.3117,1.006
2462.78,3.85,2.34,7.36,0.24,0.7563
4478.03,4.27,1.99,14.03,3.8655,1.0048
4009.28,1.73,2.7,10.89,5.2027,0.9882
2154.81,2.48,0.62,16.72,0.9896,1.028
161.22,4.61,1.14,8.46,3.7343,0.9942
1379.95,4.23,1.66,20.82,3.7298,0.97
2731.09,4.94,1.07,34.66,1.0316,1.0189
3185.72,4.02,2.36,29.86,0.7757,1.0163
1326.54,2.57,2.8,17.81,6.1578,0.9633
739.81,3.36,1.56,14.21,2.4738,0.9856
4182.9,3.64,1.36,8.36,1.4289,1.1537
4922.79,1.31,2.9,6.74,1.0765,0.9974
2652.17,3.18,1.61,8.25,4.1947,1.1183
899.81,3.84,1.72,36.66,3.8293,1.0043
1397.92,1.67,1.38,9.25,4.0436,1.0078
141.03,4.12,2.77,17.3,0.553,0.9751
4575.78,3.34,1.92,26.73,5.6142,0.9348
632.87,4.81,2.41,27.57,2.4458,1.004
2903.76,1.17,2.53,4.84,1.969,1.0589
1406.57,2.06,1.35,17.32,2.9051,0.9775
2793.18,3.41,1.58,30.22,2.4509,1.0178
3274.53,2.19,2.62,15.79,5.426,1.0006
4157.22,3.86,1.41,7.33,5.8387,0.7959
1071.79,4.04,2.48,25.48,1.9067,1.0244
104.43,1.41,2.85,11.26,5.4283,1.0015
727.58,3.06,2.06,8.13,4.9105,1.2093
4505.09,3.04,2.35,10.45,5.8484,0.9533
4375.76,2.48,2.51,22.3,1.5441,0.9905
3007.19,4.73,2.61,7.91,3.6251,0.8725
3022.56,4.31,1.49,34.04,1.725,1.0718
3341.93,3.79,0.63,20.94,5.1779,0.9947
918.09,3.86,1.5,20.43,0.0335,0.9492
4576.34,2.85,2.18,4.44,3.5489,0.6867
2122.91,4.68,1.63,39.65,2.1313,1.003
1946.54,3.78,2.37,17.22,2.0275,1.0172
2618.64,3.92,1.39,23.87,4.0521,1.0124
282.48,4.45,2.09,32.27,5.35,1.0061
873.1,2.1,0.97,15.66,3.8277,0.9826
3703.27,4.23,2.37,40.7,5.3606,0.9358
459.85,1.78,1.86,10.71,1.6625,1.0285
3035.6,2.38,1.01,11.66,3.2641,0.9637
1264.48,2.34,1.23,22.5,2.8308,0.9858
1977.01,4.91,2.37,34.19,0.0732,0.9468
1479.03,4.43,1.71,17.86,3.4986,0.9614
1810.58,3.8,1.04,9.8,4.1565,1.1208
3609.28,3.91,2.92,33.85,3.7191,1.0047
1520.75,3.25,2.29,14.87,4.6262,1.0341
2853.7,4.79,2.89,34.06,3.5898,0.9891
2406.45,2.99,1.57,16.42,0.4194,0.9454
3335.17,2.52,1.69,8.05,0.7316,1.0295
4687.31,1.65,2.74,10.93,3.7478,0.996
3676.23,4.14,1.81,8.36,1.7277,1.1668
1113.95,3.94,2.27,19.74,0.5004,0.9758
204.36,2.54,1.13,15.6,2.6993,0.9844
1348.21,1.1,1.62,5.73,3.4829,0.9672
2995.64,4.36,0.81,34.25,2.0656,1.0007
304.56,1.05,1.01,8.93,4.5266,1.0091
2507.01,3.81,0.5,30.73,4.0449,1.0179
3004.37,4.88,0.6,8.93,2.0912,1.1524
1704.51,2.75,2.94,8.66,4.743,1.0638
3866.02,1.94,1.11,11.76,4.0759,0.994
577.66,3.82,2.16,36.08,4.0052,1.0075
421.93,4.27,2.6,36.7,3.4773,0.9878
3654.53,3.19,1.88,27.59,0.0716,1.0503
2502.68,4.87,0.88,19.85,4.3763,1.0585
3457.59,1.21,2.32,6.21,2.3627,1.0119
2202.4,3.02,2,16.61,5.9226,0.9726
1269.69,3.87,2.33,10.99,5.1395,1.1262
4104.56,4.45,2.42,7.85,3.6926,0.892
4007.11,1.72,2.94,16.4,1.5845,0.9989
3488.75,4.2,1.93,14.89,1.28,1.0859
1397.12,3.21,1.35,11.36,2.1387,1.0231
2971.64,2.59,2.12,5.71,2.9944,0.7732
1836.82,1.53,0.67,14.34,1.8602,0.9889
503.33,4.46,2.74,28.68,3.2354,0.9865
4590.7,1.63,0.8,11.68,1.0391,1.0339
727.25,2.24,1.32,20.71,6.1432,0.991
4753.67,2.16,2.54,9.59,0.6781,0.9402
2257.73,4.49,1.99,30.43,5.8556,0.9999
966.41,3.69,1.48,6.75,5.7402,0.8658
2732.41,4.19,1.68,12.93,3.3009,0.9068
4371.08,2,2.64,17.15,4.5547,0.9703
3674.51,3.5,1.35,28.06,2.7398,0.9952
4042.48,3.29,2.67,14.73,3.9586,0.9872
3310.98,4.33,0.72,20.37,2.1399,0.9944
3476.77,4.62,2.44,27.91,1.8922,1.0476
4253.52,1.05,2.62,1.58,3.6331,0.775
1285.86,3.7,0.95,13.12,3.1298,0.928
2472.65,1.21,1.58,3.95,3.6413,0.9696
1144.99,3.2,0.91,11.6,1.8011,1.0585
4938.96,2.15,2.27,17.96,2.3057,0.961
4723.09,2.23,1.84,8.63,0.5271,0.9583
245.16,2.41,2.09,7.54,0.3285,0.9218
3542.6,3.49,0.99,20.17,1.5925,1.0244
4629.98,2.34,1.03,20.69,0.4665,1.0125
943.85,3.93,0.6,13.96,0.652,0.9987
2861.33,2.62,1.31,5.67,5.1078,1.1454
4581.67,1.27,1.9,5.77,0.2443,0.8786
218.03,4.14,2.64,32.48,4.1403,1.0086
3502.23,2.14,2.17,13.25,1.7125,1.0841
1521.88,2.73,1.59,23.06,5.4761,1.0067
4625.76,3.74,2.88,36.13,3.0473,0.9392
4856.74,2.33,2.3,19.19,1.92,1.0053
4724.12,1.23,2.83,8.13,3.2524,0.925
2397.36,2.5,1.82,14.21,2.3999,1.0132
4317.11,4.78,1.15,8.79,3.5456,0.7665
4230.52,3.57,0.63,35.19,0.7196,0.986
1629.55,3.69,2.32,17.54,6.2643,0.9395
4153.13,3.53,0.8,9.86,2.6738,0.934
233.19,1.8,1.26,12.87,2.188,1.0057
3001.54,2.67,1.83,10.47,4.4624,1.063
1188.54,4,1.91,25.94,2.2864,1.0039
646.81,1.41,2,9.12,5.2356,1.0057
430.92,2.11,0.92,11.17,2.8543,0.9729
3496.63,2.11,1.45,18.12,4.5211,1.0108
1732.38,2.73,2.04,10.24,0.6751,0.9698
3637.6,4.92,2.92,26.15,5.3163,1.0946
373.51,1.27,2.32,7.71,4.6227,1.0285
1610.69,3.07,2.81,21.96,1.3303,1.015
2720.48,1.72,2.41,14.02,0.9129,1.0424
3964.08,4.88,1.98,23.71,1.9873,1.102
1627.82,1.45,0.98,10.16,6.1328,0.9781
3148.16,2.61,2.17,7.27,1.6137,1.1326
4435.59,3.95,2.06,37.25,2.8659,0.9466
3098.52,3.82,2.01,18.16,0.1886,0.9545
1203.15,2.69,1.72,20.72,2.4959,0.9931
170.78,2.39,1.82,3.99,3.5897,0.871
4356.99,2.59,1.34,8.4,5.9887,0.937
155.28,2.06,1.8,11.6,3.2467,0.9701
4379.77,1.82,0.99,16.33,5.1466,1.0185
2668.24,2.93,2.51,17.54,3.4377,0.9446
4698.39,2.07,0.96,19.5,0.2563,0.9461
4003.98,2.15,0.71,12.07,1.9793,1.0001
4989.77,3.63,1.59,20.56,3.6163,0.9681
1786.02,4.87,2.15,12.27,5.9728,0.8995
3847.58,3.41,1.59,28.42,5.3981,0.9582
2039.56,1.31,1.19,4.71,1.4348,1.0673
2425.38,1.3,1.9,11.91,1.383,1.0342
3156.15,4.81,1.37,44.41,1.264,1.0001
4374.7,2.19,2.83,20.84,5.7962,1.014
4921.21,1.37,2.81,8.1,5.3575,1.0014
3852.95,3.4,1.76,24.64,4.8687,1.028
2117.95,3.49,1.32,28.37,2.4676,0.9919
2135.72,3.59,2.34,9.39,3.1691,0.8685
3701.03,2.07,0.59,13.68,2.9175,0.9222
1231.95,1.06,1.69,1.9,1.5921,1.2495
596.85,4.86,1.34,27.84,3.1732,0.9714
1805.38,2,2.8,5.64,0.1916,0.8894
1471.83,3.7,0.53,11.32,0.8282,1.0367
1516.73,3.83,1.88,17.61,5.5706,0.9883
1206.36,3.44,2.35,17.8,4.7229,1.0552
258.36,2.25,1.71,15.3,2.657,0.9862
138.48,2.08,0.71,4.45,3.2494,0.7995
4939.23,3.39,2.93,19.6,2.3248,1.0427
2167.48,4.46,1.8,13.63,4.6545,1.0869
1952.42,4.79,2.04,30.53,4.9272,1.0284
3414.25,1.42,1.09,9.85,4.7959,1.0189
1130.36,1.62,1.71,10.09,4.5403,1.0313
4752.31,4.78,1.57,37.16,1.2849,1.0033
3942.41,3.95,0.69,17.18,2.1235,1.0127
492.58,4.53,0.77,36.27,2.9521,0.9923
2117.02,1.81,2.59,9.38,2.0784,1.0181
4401.64,3.35,1.1,18.81,4.7434,1.068
4726.42,3.8,0.99,26.67,2.0694,1.0005
2363.64,3.72,1.76,6.16,0.8685,1.0562
3086.39,2.63,2.42,18.58,2.5072,0.9733
876.82,1.06,0.65,7.17,6.157,0.9734
4956.28,3.33,1.94,13.77,1.4193,1.1316
1196.77,2.01,0.8,4.49,3.8463,1.0115
4716.52,2.8,0.59,6.37,2.7204,0.9581
3265.75,4.83,0.63,45.15,0.4463,1.022
3058.3,2.6,2.59,19.1,3.0654,0.977
2587.81,4.36,0.79,11.25,4.4118,1.0923
1191.82,1.75,0.61,7.95,3.2247,0.9518
923.81,3.69,1.59,24.12,5.4796,1.0021
1141.41,4.91,2.61,42.22,1.8154,1.0253
972.87,1.41,1.16,2.63,0.5419,0.8421
3908.94,1.03,1.55,3.63,5.8846,0.9183
1783.12,2.73,0.6,24.78,2.3763,1.0139
336.32,1.37,1.62,2.16,3.6217,0.8811
4847.06,3.99,1.94,12.83,4.9763,1.1369
4424.74,4.66,1.93,44.96,2.0377,1.0285
4642.37,2.74,1.33,18.37,4.4998,0.9301
4974.79,2.03,1.29,7.58,0.8509,1.0042
910.78,2.74,0.77,5.67,1.8303,1.1273
2011.4,3.89,1.42,6.77,0.9092,1.0371
3803.28,1.04,0.75,3.71,5.0971,1.0947
3495.3,3.36,2.42,30.2,1.3989,1.0223
811.78,3.45,2.92,17.39,4.5076,1.0456
4088.37,3.55,2.93,27.07,5.9269,1.001
1160.98,1.97,2.66,18.31,3.3161,0.9741
1157.9,3.86,2,19.16,3.3931,0.9355
2708.02,1.37,2.25,4.27,2.8968,0.915
2985.05,1.8,1.21,10.59,2.0476,1.0105
2921.43,4.51,2.08,41.58,2.9886,0.9602
502.86,3.95,1.64,32.97,3.7876,0.9876
4393.43,1.05,1.71,2.17,6.1952,0.7125
1364.72,1.99,2.39,14.73,5.8921,0.9844
691.1,1.86,1.2,11.82,5.4171,1.0089
4449.3,2.08,1.3,19.19,5.5866,1.0064
4780.47,1.99,2.81,5.06,2.9396,0.9364
4317.53,1.25,0.64,7.55,4.1308,0.9665
4057.1,2.84,1.71,25.45,5.6239,1.0327
3293.45,3.93,2.78,19.6,2.469,0.9933
2776.74,3.43,2.03,19.18,6.0429,0.9911
480.58,3.69,1.87,7.75,2.6125,0.8657
2071.84,1.32,1.12,5.12,3.7767,1.0045
1894.81,4.81,1.36,20.47,4.4598,1.0542
1335.78,4.35,2.63,41.51,5.9727,0.982
3630.93,4.22,1.9,16.47,1.537,1.0651
2504.58,4.29,1.79,23.25,4.6881,1.028
451.18,4.73,0.75,34.09,3.2724,0.9836
1139.91,3.18,0.54,9.15,1.6874,1.0511
3432.13,1.8,2.91,10.15,4.8796,1.0288
426.85,3.47,1.44,26.97,3.4697,0.9886
4263.47,3.97,2.01,35.22,4.153,1.007
2500.98,3.95,0.7,26.96,2.0288,1.0469
2428.9,3.09,2.21,22.18,3.0239,1
2982.42,1.27,2.83,3.28,3.879,1.0018
4132.17,2.48,1.94,23.7,2.5441,1.005
1771.66,4.68,0.82,12.3,1.2464,1.0966
3406.18,3.34,1.95,26.99,6.0422,1.0002
2850.37,3.15,2.42,11.83,3.2136,0.8777
1371.79,2.08,1.52,19.58,4.6114,1.0069
4399.22,2.47,2.7,18.85,2.5827,0.9273
3997.26,4.58,2.12,36.23,2.2314,1.0552
3309.34,3.67,2.75,12.32,2.5583,0.9666
4260.38,4.15,2.06,21.85,2.5711,0.9773
4343.11,2.82,0.83,19.02,3.4192,1.0204
3556.4,3.52,1.27,28.33,3.4147,1.0018
4193.22,1.99,1,4.75,3.1237,0.7768
3502.48,3.82,2.77,37,0.8469,0.9989
3416.7,2.71,2.4,24.57,3.1169,0.9764
3112.13,2.77,2.19,10.52,1.0625,0.9839
3775.95,3.6,1.25,30.55,0.7925,0.9742
835.1,4.75,0.96,28.02,5.86,0.9797
4410.31,1.26,2.39,6.81,3.801,0.987
4365.63,4.3,1.69,17.94,4.1437,0.9607
194.77,2.17,1.06,13.97,2.5245,0.9945
4137.79,2.78,2.04,21.38,5.7113,0.9889
687.91,1.09,0.6,5.43,4.0082,1.0075
1708.84,2.2,1.32,15.1,4.8328,1.0276
3730.37,3.01,1.67,22.41,2.3157,0.9722
845.76,1.22,0.87,9.24,6.0319,0.9885
4098.94,2.96,2.96,5.76,5.1551,1.1475
4169.06,4.71,1.02,41.47,5.3655,0.9661
2561.97,1.42,0.83,7.67,1.0819,1.0343
81.61,4.06,1.01,15.14,1.7025,1.0708
1470.84,2.64,2.42,9.38,1.7946,1.0825
3103.79,3.62,1.56,20.3,1.7022,1.0594
4906.87,2.04,1.91,18.45,5.3747,0.9775
3177.48,1.64,0.55,7.72,0.2003,0.908
1336.03,1.64,0.59,12.93,0.4782,1.0107
3188.33,1.28,1.61,2.98,1.7211,1.2366
2722.93,1.74,2.54,9.67,1.2558,1.0685
3910.23,3.66,2.71,36.31,1.4568,0.9968
579.55,4.53,0.72,36.43,5.0136,1.0061
3817.09,4.26,1.85,14,3.5382,0.8968
2729.27,3.74,2.78,21.55,0.0363,0.924
4816.81,1.44,1.47,5.03,2.6975,0.9451
1742.27,2.16,2.57,10.74,2.5628,1.0125
3181.48,2.24,0.83,18.21,0.7159,0.9935
4663.54,2,2.84,16.11,4.2483,1.0234
557.42,3.06,2.38,10.52,4.4114,1.0784
4689.28,3.14,2.85,29.34,4.5295,0.9918
3455.03,2.43,2.19,15.87,4.5771,1.0929
385.79,2.42,1.41,11.42,0.0003,0.963
1539.77,4.31,2.85,24.88,5.9937,0.9729
3555.45,4.16,1.19,27.62,5.1158,0.9953
383.39,2.23,1.33,13.97,5.6799,0.9939
2931.74,4.66,2.25,26.23,0.0983,0.9589
1762.12,4.81,2.41,27.87,5.8676,0.9598
3123.53,2.31,2.82,6.92,5.0881,1.1305
276.42,2.42,1.01,20.33,5.2604,1.0099
4364.11,3.02,2.49,18.45,0.5861,0.9967
4868.77,4.76,2.35,12.46,4.6419,1.0849
4845.95,4.51,0.66,36.1,6.0313,0.9268
3760.78,1.41,1.47,13.29,4.2634,1.0111
693.93,2.57,1.21,24.56,3.5849,0.9896
3803.4,3.21,1.26,14.9,5.9416,0.9514
171.71,3.01,2.96,7.99,2.7831,0.8597
159.51,1.78,2.11,10.49,3.7655,0.9924
1651.87,4.44,2.29,10.9,2.9929,0.8622
2468.78,3.71,2.94,35,5.8612,0.9681
3863.52,4.35,1.44,13.32,0.4781,0.9292
3432.31,4.44,2.5,16.18,3.1486,0.9509
2257.22,3.99,1.59,19.79,4.3162,1.0391
1404.45,2.76,2.67,13.11,4.9757,1.06
4985.77,3.44,0.95,28.41,3.6632,1.0137
2159.6,1.64,2.87,8.83,5.7109,1.0261
2284.37,3.69,1.05,10.9,5.9187,0.9348
859.94,1.72,1.32,6.48,0.4041,0.9619
3984.31,3.78,2.39,22,2.5282,0.9776
3483.73,1.92,1.48,5.28,0.1474,0.874
1142.81,1.47,2.02,9.85,2.0698,1.0227
457.79,1.66,1.61,10.48,3.3732,0.985
3418.47,1.01,2.36,7.64,5.7227,1.0175
3289.83,3.87,1.07,36.7,5.3191,1.0012
1402.63,3.93,0.65,36.37,0.8011,1.0198
4756.77,3.06,1.25,29.19,0.5845,0.8915
797.74,1.65,1.69,5.89,3.7025,0.9573
2190.06,1.33,0.92,3.49,3.3434,0.8856
4720.9,1.08,1.39,4.38,1.6737,1.0599
2127.65,1.66,1.5,15.15,5.6514,1.0093
3210.7,4.56,0.64,44.55,5.8268,0.9957
2018.09,1.97,1.96,17.31,2.5297,1.0072
1407.37,2.42,2.71,5.89,5.5939,0.9895
4920.69,1.42,0.88,13.58,2.4124,1.0269
2076.2,1.89,1.99,9.63,4.6296,1.0586
4475.79,3.08,2.16,4.86,2.9904,0.6831
1188.28,3.43,1.55,18.05,0.7702,1.0235
1104.87,1.98,2.25,3.75,5.8304,0.8294
204.11,1.23,1.53,7.54,2.8532,0.9783
3275.75,2.56,1.76,11.23,4.6149,1.0013
1874.21,1.94,0.52,10.7,2.307,0.9938
4328.57,1.88,2.23,12.61,0.1186,0.9701
2392.39,4.84,2.15,43,0.6317,1.0214
4842.56,3.47,0.6,24.69,3.1178,0.9507
968.35,3.23,1.42,16.75,4.3352,1.0351
4349.68,2.66,2.95,22.54,2.1032,1.0068
3894.15,2.72,1.55,24.98,4.3699,1.0023
3866.06,3.16,1.75,7.97,4.3897,1.143
4231.68,3.79,2.77,22.8,4.423,1.0066
3817.07,3.81,2.29,14.92,3.0946,0.9188
3149.79,1.69,1.96,3.2,5.7484,0.8034
699.66,3,2.49,21.55,3.0737,0.9791
211,2.65,2.66,23.39,2.8291,0.9886
4608.2,4.48,1.64,12.93,1.2527,1.0736
3102.42,3.53,1.69,29.64,1.9331,1.0236
3992.86,3.13,1.47,27.4,0.266,1.0151
2433.54,1.46,2.92,13.55,3.9806,1.007
630.68,3.42,2.24,12.85,1.5616,1.0772
669.67,1.47,0.71,13.49,1.9111,1.0131
3443.55,2.35,2.66,9.93,4.8432,1.044
2180.01,1.57,1.7,9.73,2.056,1.0049
1042.6,3.77,0.67,7.27,1.5218,1.2008
2483.39,1.83,1.87,3.42,1.0622,1.1396
367.83,2.57,1.54,19.57,4.8686,1.0215
2930.76,4.58,2.69,24.19,0.815,1.0377
1381.52,1.82,1.01,6.68,2.851,0.9316
3997.92,3.03,2.57,9.45,3.1851,0.8935
1586.29,2.68,1.89,19.26,4.319,1.0244
2303.34,1.07,0.64,1.61,3.979,1.172
107.52,4.17,2.93,34.83,5.0939,1.0114
408.61,1.28,1.78,2.77,0.2812,0.7907
1992.84,2.9,1.23,9.06,1.8626,1.0618
2425.7,3.24,1.67,15.51,1.7601,1.0165
3020.1,3.51,2.64,19.75,0.9175,1.017
1493.73,3.75,1.26,16.96,1.817,1.0486
3490.16,2.01,0.98,8.51,1.9463,1.0033
4307.61,1.04,0.82,10.08,3.2791,0.9917
3910.26,3.89,1.24,27.08,4.1702,1.0345
246.11,3.14,2.45,5.34,2.3945,0.9478
2428.51,4.34,1.68,22.4,4.5206,1.0618
569.4,4.29,1.07,38.3,2.1122,1.0038
1248.12,4.37,0.92,17.77,1.8239,1.0691
4933.98,2.94,1.33,6.77,3.4004,0.8153
755.35,2.33,2.85,18.55,0.149,0.9771
2519.5,4.17,1.36,27.71,0.5013,0.9765
3109.87,2.81,2.97,17.81,2.6262,0.9845
3527.2,1.73,1.71,3.39,5.9245,0.7715
2820.26,4.42,0.95,11.91,4.5334,1.1339
98.37,4.53,2.73,30.77,0.5537,0.9908
1665.98,2.87,1.65,9.36,5.3176,1.0339
2612.67,1.3,2.27,7.54,4.6012,1.0274
484.94,2.55,2.96,15.64,3.8387,0.9874
1785.6,4.21,0.63,16.48,5.1541,1.0497
214.36,4.61,0.74,44.05,2.5391,0.9959
438.96,1.81,2.3,15.71,1.3917,1.0196
2014.77,1.27,1.2,9.69,3.2171,0.9641
706.94,4.51,0.96,9.75,3.4485,0.8403
2859.33,2.56,0.6,6.14,3.3824,0.8696
3462.85,3.17,0.55,18.02,3.5505,0.9911
4012.9,4.87,2.44,13.96,5.9609,0.8657
1040.74,1.27,0.84,12.43,5.669,0.9806
879.04,3.59,1.67,10.23,5.5023,1.0639
567.61,1.3,2.01,7.32,5.0355,1.0333
3200.33,2.5,1.57,11.5,5.9277,0.885
3547.05,4.22,0.57,29.23,0.6189,0.9771
206.35,2.73,2.46,7.1,1.6658,1.0102
4684.25,4.99,0.53,25.73,3.1105,0.9402
307.26,3.24,2.4,12.41,5.3189,1.0243
2729.42,2.28,2.73,20.67,3.174,0.9801
3559.85,1.88,1.58,3.47,4.7,1.2593
4361.3,2.4,1.84,22.26,0.8731,0.9277
3584.73,2.49,1.69,21.37,1.586,1.0513
4018.55,1.27,1.47,5.14,4.5979,0.986
1730.28,2.48,2.72,20.34,1.0351,1.0115
4083.38,2.86,2.73,5.04,2.2076,1.1701
446.57,3.89,1.34,37.81,1.6642,1.0039
4479.34,3.63,2.04,21.67,2.1982,0.9676
2760.58,3.84,2.82,15.64,4.4505,1.086
4095.62,1.03,2.91,4.74,2.3113,1.0272
2288.98,1.87,1.77,3.86,3.4888,0.8235
3235.71,3.65,1.63,36.14,0.6279,1.0358
2655.69,2.94,1.2,5.38,5.0581,1.2562
3671.37,1.02,2.9,7.22,2.3241,1.0114
454.07,4.22,0.86,22.2,4.0749,1.007
348.74,4.09,1.95,39.14,4.5578,1.009
1273.16,3.19,1.21,11.47,1.3173,1.0721
839.75,1.27,1.2,7.62,5.5586,0.9954
4365.33,4.07,1.51,22.77,3.8719,1.038
1135.11,3.33,3,24.93,2.6938,0.9715
4880.53,4.13,0.64,8.58,1.1456,1.0776
1717.63,4.01,1.95,12.61,5.9207,0.9299
951.48,4.21,0.71,14,4.7442,1.0857
3959.01,3.07,0.89,23.88,1.3071,0.9895
3310.6,1.56,1.6,4.85,2.1219,0.9923
2516.07,3.68,1.78,23.49,5.0873,1.0186
2799.05,3.48,1.15,11.59,4.3711,1.07
3610.05,3.97,1.29,35.02,4.8116,1.0362
1180.85,1.68,0.72,15.97,2.7721,0.9927
4981.85,1.78,1.26,10.51,4.5018,1.0196
4875.23,4.56,2.92,20.5,2.4284,1.0515
3269.11,4,2.86,13.96,1.3274,1.0304
1037.74,4.63,1.34,8.91,3.9752,1.1081
3417.13,4.03,1.93,15.26,6.1325,0.8764
407.38,3.39,2.77,23.93,1.9516,1.0112
201.73,3.62,0.52,21.83,2.8964,0.9734
1325.53,4.56,2.53,43.4,4.2349,1.0168
2339.98,3.32,2.87,16.14,3.4024,0.9621
4347.95,3.53,0.73,26.11,5.2994,1.0066
3649.49,1.63,0.9,9.2,4.7862,0.9905
3726.4,2.9,2.9,16.96,0.3663,0.9674
2156.19,3.87,1.84,14.6,6.2733,0.9134
1762.38,2.08,0.54,11.18,4.7275,1.0415
1886.64,1.81,1.14,9.95,5.4281,0.9864
4938.87,2.26,1.62,16.93,4.0916,1.0716
248.54,1.97,2.23,18.67,5.3802,0.9985
4341.81,1.86,2.33,8,0.7061,0.9579
2914.44,2.7,2.99,5.02,2.1849,1.172
2221.15,4.63,1.22,26.48,5.5067,0.9903
3640.03,3.03,1.85,18.56,1.267,0.9741
2459.01,1.75,1.83,5.14,0.4916,0.9401
4373.45,1.31,1.51,10.42,4.9519,0.9932
4508.47,3.78,0.92,37.36,5.2495,0.9672
2137.52,2.53,2.94,24.15,1.022,0.9816
1420.3,4.29,2.63,13.61,5.368,1.0692
2982.13,3.64,1.75,32.53,4.3151,1.0013
4566.2,4.18,2.01,31.34,3.2678,0.8948
1092.78,2.09,1.07,11.19,5.2166,1.0353
3133.68,3.77,1.86,22.98,2.6342,1.0052
3176.22,2.06,2.24,17.93,1.2189,0.9857
3678.91,4.76,1.79,26.55,1.7898,0.9948
701.26,3.55,2.98,16.57,3.174,0.959
3593.33,2.3,2.03,13.08,3.3384,0.9627
4549.71,2.08,1.43,13.35,5.0616,0.9311
939.43,1.76,2.43,5.48,4.9722,1.1079
1225.84,3.78,0.93,34.6,3.6528,0.9885
4858.41,1.87,1.46,13.56,4.9058,1.0904
945.84,3.38,1.37,23.27,1.2049,1.0279
4279.21,2.06,1.58,4.83,0.3146,0.8098
2486.78,3.65,2.45,24.21,5.4892,1.0263
1273.79,4.26,1.71,10.77,0.4747,0.8896
4360.21,4.11,2.49,8.92,1.55,1.1282
2254.26,4.04,1.94,24.19,4.3688,1.0122
2598.35,1.75,1.36,8.62,2.5726,0.9937
1828.21,1.35,2.52,8.8,5.506,0.9914
2985.11,3.8,1.1,8.57,1.8723,1.1492
859.44,2.47,1.06,12.77,0.0746,0.9728
1985.85,2.73,1.76,8.15,1.8891,1.073
4848.59,1.12,1.15,11.12,3.6322,0.9535
1327.76,2.04,0.52,12.78,2.3621,1.0093
3300.85,1.13,2.12,8.33,3.3607,0.9898
1659.69,4.52,1.78,19.27,5.5078,0.9586
3878.69,1.97,1.61,4.55,5.7333,0.9401
697.82,3.23,2.92,31.63,1.6712,1.013
4850.61,1.16,1.93,4.55,2.9037,0.944
2296.26,3.67,2.66,18.71,3.4504,0.9894
1218.45,2.29,0.85,16.1,5.9634,0.9756
413.81,4.59,1.92,7.85,6.2745,0.5879
890.3,4.55,2.67,38.18,1.4791,1
2622.88,2.3,1.96,13.95,4.5677,1.0368
1718.17,4.6,2.3,17.79,2.3752,1.0332
4152.97,4.98,1.43,10.09,0.0509,0.6882
2182.89,4.3,0.73,12.39,0.0581,0.8628
1281.14,4.38,1.64,39.89,2.8938,0.9803
3104.87,2,1.49,14.63,3.0683,0.9856
3548.55,3.31,2.67,11.98,0.1418,0.8894
876.86,1.27,1.11,2.61,4.3161,1.2494
879.72,1.38,2.92,10.17,1.8473,1.0232
231.52,5,2.9,31.8,3.5179,0.9834
3695.19,2.31,1.12,11.39,1.8907,0.9678
3335.83,3.99,1.37,18.33,1.0501,1.058
2399.42,4.23,2.74,14.13,2.5583,0.9908
4228.64,4.43,2.92,31.87,1.4594,1.054
4038.07,4.99,1.61,48.66,3.3603,1.0055
2947.5,1.97,1.3,5.89,1.2493,1.0897
4347.94,1.16,1.82,7.64,3.1944,1.0219
1068.91,2.64,2.22,13.5,0.9888,1.0364
604,1.52,1.18,8.05,4.2159,1.0141
1385.26,1.09,2.34,3.99,4.7371,1.0895
332.58,2.44,0.63,20.79,0.6936,0.9973
2679.29,4.13,0.62,23.26,2.9393,0.9675
4686.2,3.26,1.47,19.98,0.4453,0.9114
244.75,2.25,1.38,9.21,3.7585,0.9812
654.44,3.62,1.29,11.02,1.6613,1.0997
2288.39,1.93,1.73,4.3,3.3152,0.8053
4672.68,1.06,1.3,8.01,3.2513,0.9317
1614.97,4.06,0.98,12.85,5.8079,0.9383
2560.81,3.49,1.27,25.74,3.45,0.9746
255.79,4.05,2.94,19.51,3.6631,0.9793
784.3,1.16,1.53,5.82,2.5237,0.9751
4933.82,4.35,1.61,23.86,5.9632,0.9022
4827.34,3.48,1.94,16.09,4.8832,1.0616
74.45,3.25,2.96,7.66,1.7933,1.0065
4761.47,3.5,1.1,14.46,5.3043,1.0747
3213.64,4.46,2.2,31.84,2.7168,0.9944
4346.2,3.35,2.29,23.97,5.2067,1.0372
2300.96,3.32,2.02,13.07,5.1704,1.0731
2602.2,4.96,0.72,26.85,1.1867,1.0168
2469.79,4.03,2.19,12.66,4.4054,1.0701
3350.98,2.77,0.66,9.11,1.8262,1.1108
741.27,3.83,1.99,6.49,1.8692,1.2171
198.37,2.56,2.35,23.33,1.862,1.0097
1574.25,1.92,1.03,6.3,4.5589,1.1103
3538.17,3.39,2.6,11.63,1.444,1.0748
1049.17,4.71,0.58,18.27,0.0057,0.9338
3383.49,4.72,2.61,12.18,4.494,1.1439
4851.06,2.37,1.65,16.42,1.0756,0.9662
514.81,3.11,1.04,6.65,0.6565,0.8988
3379.38,1.85,0.83,4.88,1.4924,1.1831
2246.56,4.98,2.88,34.78,2.387,1.0089
4347.3,4.92,0.68,21.6,2.9902,0.9519
926.89,3.6,1,27.05,0.28,0.9836
3478.5,4.22,1.37,26.31,6.0983,0.9876
4198.67,3.86,2.05,14.19,4.4992,1.0993
4725.84,3.37,1.86,23.72,2.0307,1.0412
3432.08,1.21,0.81,3.02,2.0024,1.0955
2511.02,2.82,1.22,17.08,2.8183,0.9866
3108.34,3.7,1.1,19.29,3.9348,1.0162
4351.08,3.71,1.03,14.01,0.9197,0.977
2874.52,2.49,1.53,16.54,1.1871,1.0213
200.42,4.77,2.26,42.45,5.4,0.9982
4658.2,1.67,1.04,16.68,1.6101,1.0325
3463.16,3,1.42,20.01,2.3888,1.0217
3398.74,3.76,1.48,18.59,5.4744,1.0282
1117.59,3.79,2.94,12.94,4.1667,1.0379
3311.48,3.59,2.89,13.25,2.147,1.0423
1999.63,2.1,2.5,11.71,4.2958,1.0504
3273.6,1.62,1.1,7.51,0.1237,1.001
577.64,3.54,0.67,32.84,4.6222,1.0113
3306.33,3.4,1.29,15.73,3.06,0.9586
4997.1,1.72,1.17,8.03,5.1094,1.0881
288.65,3.82,1.76,18.19,5.9982,0.9588
4887.01,2.82,2.44,24.29,5.8169,0.9762
2064.19,3.67,2.65,25.81,5.7131,1.0193
4360.23,4.35,2.61,29.23,3.2181,1.0206
3922.81,1.68,1.4,7.29,2.2628,1.0257
2856.73,1.08,2.22,9.1,2.9219,0.9443
3705.32,4.12,1.28,7.52,4.3347,1.2379
4398.65,3.44,0.65,30.61,5.5543,0.9727
2050.49,3.8,2.25,22.25,1.3005,1.0319
1668.81,4.35,0.52,21.26,5.7692,0.9655
3354.59,4.21,1.52,24.11,5.1219,0.9867
4048.84,4.84,1.32,34.74,6.1503,0.8977
3823.31,3.14,2.23,5.06,5.5308,0.9874
3999.18,2.95,2.42,26.31,1.7589,0.9957
2206.14,2.61,1.26,13.81,0.6657,0.9956
4098.28,1.61,2.53,7.13,0.7052,0.993
645.03,3.29,1.23,8.8,1.8298,1.0312
2745.22,2.11,1.62,11.04,3.859,0.9611
78.51,4.69,2.32,26.79,5.0537,1.0231
1656.7,3.33,2.23,16.43,5.6502,0.9765
1863.98,3.37,2.97,24.51,3.9192,1.0067
2011.05,2.42,1.06,12.29,0.0354,0.9453
3492.56,1.21,2.16,11.68,1.1707,1.0685
1973.36,1.13,2.02,7.43,0.6266,1.0133
2271.03,2.69,2.79,22.53,2.2828,1.0205
1225.84,1.34,0.89,3.25,3.1501,0.8295
1897.6,3.43,2.38,16.72,0.2727,0.993
1174.98,4.52,1.92,19.74,2.1896,1.0158
412.32,4.53,1.19,28.73,1.1258,1.0157
3037.07,3.64,1.69,32.07,4.0657,1.0088
3357.65,1.84,1.33,4,2.9171,0.8359
3116.48,4.45,1.95,9.42,3.1122,0.797
2344.3,4.54,2.72,39.66,2.6873,0.9808
1929.94,1.79,1.92,5.91,6.0068,0.9132
4323.5,3.95,2.08,28.38,1.3492,1.0452
2619.45,2.15,1.8,13.12,3.2463,0.9926
2421.95,4.21,0.63,36.12,4.6245,1.0039
176.93,4.99,1.08,12.79,3.4988,0.9269
1739.18,1.12,1.73,2.92,5.8372,0.9199
1931.97,4.59,1.28,28.61,2.3748,1.0114
2024.17,3.49,0.95,33.31,2.9134,1.0267
2921.85,4.89,1.76,24.6,0.5562,0.9481
2691.33,2.86,1.31,12.24,3.8265,0.9791
3059.13,4.39,1.15,29.22,1.8109,1.0082
3836.17,1.25,1.66,11.76,1.0073,1.0569
4074.28,2.34,0.83,20.17,3.4214,0.9872
3604.71,1.27,2.82,12.63,3.3446,0.958
4779.84,4.9,2.67,8.29,0.4767,0.7867
140.25,4.27,2.27,10.5,4.387,1.2757
1019.1,4.41,0.77,29.46,3.9193,0.9874
87.44,4.75,2.44,40.27,1.1876,1.0093
3255,1.34,2.52,5.26,2.9495,0.9966
4495.25,2.54,2.42,8.98,4.5259,1.0923
1255.24,1.28,0.78,10.52,3.3265,0.9875
4638.82,1.84,2.11,3.65,2.4849,0.9546
348.32,1.92,2.59,8.9,2.0253,1.0302
4675.46,2.88,1.94,16.68,3.8352,1.0081
1790.53,2.07,2.12,12.99,5.9006,0.987
552.03,1.4,1.65,10.8,4.2207,1.0101
2455.07,1.67,1.82,7.54,0.4696,0.9932
1321.04,1.59,0.59,10.66,2.8946,0.9808
1460.12,4.89,2.1,31.68,5.5972,0.9813
1571.09,4.04,0.7,24.85,0.5935,0.9808
4024.98,4.87,1.59,33.83,6.2133,0.8998
2718.85,2.76,1.23,10.22,5.9632,0.9977
1590.97,2.11,1.86,4.69,0.4918,0.8921
3071.15,4.19,0.83,10.54,5.8648,0.8762
3594.95,2.31,2.23,7.86,2.2816,1.0062
1399.49,2.2,2.49,12.64,5.3075,1.0027
2097.07,1.93,0.91,16.68,2.6288,1.0255
653.34,1.52,0.76,11.33,2.77,0.9776
946.69,2.03,0.86,16.63,3.9851,1.0029
3421.53,2.42,2.69,10.86,4.8662,1.0438
948.12,3.7,1.82,18.26,0.2123,0.9706
2649.56,1.25,1.67,6.06,3.7269,0.9814
3559.78,1.84,0.77,5.77,1.1733,1.0113
579.04,4.24,2.12,8.56,2.1737,1.0329
2858.2,1.59,2.67,10.36,2.1864,0.9803
1319.99,2.37,2.57,23.49,2.9472,0.9916
4816.49,4.46,2.07,13.01,2.0994,1.1306
2443.55,1.62,0.69,3.07,0.6746,0.8813
4039.66,1.33,0.78,10.82,0.915,0.9717
2773.62,2.94,0.62,10.72,0.2101,0.9165
264.89,2.21,1.14,18.9,2.9547,0.9863
3184.1,3.25,0.84,24.35,5.997,1.0086
4759.45,4.22,1.15,40.21,0.7268,0.9905
3027.98,1.55,1.46,7.71,5.9456,0.9814
4104.98,3.32,2.86,23.68,4.6078,0.9936
4426.82,3.02,2.03,16.47,4.0055,1.016
1178.99,1.58,2.59,10.81,4.0544,1.0147
1099.62,3.5,2.28,18.6,5.1945,1.0125
3074.36,2.09,0.78,6.5,0.6718,1.0058
2084.59,2.95,2.34,17.17,3.1715,0.9716
4207.31,1.33,1.19,7.97,4.38,1.066
4505.11,2.84,2.1,23.81,3.6871,0.9844
1799.44,2.23,1.35,17.25,5.2325,1.0154
1222.51,4.29,2.99,30.64,0.4541,0.9876
3913.6,1.23,1.16,3.03,4.3398,1.126
1410.29,2.67,1.2,20.39,3.3554,0.988
4121.94,2.83,2.83,16.3,2.3823,1.021
2147.5,3.9,0.56,35.49,2.138,0.9783
3354.37,3.3,2.24,30.73,3.9008,1.0476
522.9,3.67,2.31,7.22,5.5983,0.9902
3138.1,4.11,2.59,34.82,3.1176,0.9646
2286.25,4.45,2.94,8.1,5.1819,1.1742
2953.71,2.26,2.94,10.42,2.5268,0.9975
881.67,3.15,0.66,19.26,0.6434,1.0067
3697.53,4.36,2.55,12.03,0.3865,0.8401
4320.85,4.96,2.12,38.89,0.3225,0.9651
1122.86,4.56,2.12,7.16,2.3886,0.9953
523.79,2.49,0.82,7.29,2.1189,0.9781
167.01,1.78,2.13,11.46,4.5109,1.0227
3227.76,2.96,2.96,22.4,4.6673,1.0687
3055.12,3.97,2.78,36.86,0.3195,0.9944
2756.15,2.97,1.6,22.27,1.3894,1.0454
1198.14,2.93,0.6,21.15,1.7232,1.0254
1984.98,4.35,1.41,21.12,3.4407,0.9566
2992.66,2.45,2.57,3.7,0.908,1.0069
2509,4.44,2.25,11.19,0.8416,1.0251
4939.54,2.63,1.65,15.88,5.93,0.9056
725.38,2.31,0.64,16.74,5.053,1.0243
3490.97,2.82,1.57,14.22,1.1351,1.02
2051.38,4.05,1.67,31.23,2.5545,1.0181
2169.59,1.5,2.82,8.93,2.2344,0.9968
3602.11,1.79,2.1,3.8,4.97,1.2039
3477.56,4.81,1.28,15.05,3.2058,0.9063
4956.72,1.7,1.81,14.7,0.8033,0.9983
685.55,3.27,0.67,25.06,4.6432,1.0139
565.34,3.32,2.93,30.21,2.4937,0.999
3635.48,2.96,1.4,7.39,1.652,1.12
2913.02,3.58,1.69,35.49,2.3593,0.9648
1407.1,1.92,1.39,6.3,3.1275,0.9246
443.13,3.21,2.21,5.14,2.1559,1.1135
474.01,2.49,2.16,24.83,1.5199,1.0103
4476.24,3.65,2.29,14.18,2.5039,1.0573
999.74,1.56,1.17,11.23,0.1205,0.9785
1650.69,3.28,1.29,9.86,4.8537,1.1288
1171.95,1.74,0.81,11.2,1.0741,1.0155
1807.23,2.11,2.14,19.42,0.2759,0.9714
393.65,1.87,0.6,7.91,4.1073,1.0284
2619.35,1.73,1.99,12.46,4.8628,1.0444
384.68,4.3,2.67,13.33,5.1134,1.0746
4011.76,2.14,2.73,14.59,3.1008,1.0077
1206.87,4.71,1.62,20.53,1.2904,1.0401
2723.06,4.88,1.65,16.08,4.6321,1.1136
4406.39,3.29,0.69,13.67,4.3964,0.9418
3271.84,1.57,2.18,4.75,1.5474,1.0762
2688.14,2.5,2.55,22.9,5.6763,1.0222
1655.45,4.19,1.11,20.44,0.6558,0.9859
1698.36,2.47,1.55,8.85,6.1744,0.9277
3363.96,1.35,2.6,7.16,5.4051,0.9618
4970.99,3.23,2.69,13.63,4.3222,1.1324
3326.1,4.38,1.11,34.29,5.8983,1.0279
2811.03,4.18,1.88,40.81,4.5384,1.0042
3666.72,1.7,0.98,8.88,1.1967,1.0123
2352.77,3.69,0.75,32.55,2.7781,1.0147
347.7,1.88,2.78,11.88,0.4493,0.9914
2833.37,1.87,2.55,5.31,2.4483,1.0063
4790.25,4.5,2.4,33.14,4.6596,1.1223
917.75,2,0.62,11.72,2.4281,0.9878
3465.52,2.05,2.61,14.43,2.0753,0.9825
1044.62,1,1.6,9.09,3.7407,0.9832
2702.35,4.48,1.36,23.51,5.4802,1.0139
528.55,4.17,1.87,38.2,0.299,0.9911
2279.34,3.51,0.73,27.66,2.422,0.9946
3793.01,4,2.39,22.62,0.9943,1.0438
1770.48,1.61,1.96,10.66,4.369,1.0395
3341.31,2.83,0.97,12.09,0.6643,0.9373
3987.48,2.4,0.97,23.71,4.1771,0.9812
4639.53,1.38,0.96,9.86,1.7981,1.0556
1211.48,2.94,0.64,5.51,1.2498,1.1575
2026.61,4.68,1.97,20.03,5.8833,0.9465
804.46,1.16,2.6,7.89,0.1164,0.9872
4962.79,2.17,0.54,4.29,2.7506,0.774
4638.65,1.83,0.62,3.12,0.1359,0.5856
2722.79,1.95,1.93,10.4,3.0385,0.9745
4218.06,4.63,2.55,20.05,3.1482,0.9224
2628.74,2.87,1.32,15.01,2.0211,1.0437
3136.75,2.87,1.37,10.7,0.8304,0.9911
491.17,4.04,1.99,11.72,2.3649,0.9472
3788.59,1.62,1.19,11.9,4.224,1.0057
682.18,2.95,0.57,17.32,4.9159,1.0313
4139.03,2.72,2.34,8.71,3.3348,0.9412
3921.04,3.39,2.06,14.28,3.706,0.9527
3558.29,5,1.95,32.64,1.2605,0.9461
228.99,4.08,2.35,8.62,1.8053,1.065
1550.49,2.59,2.19,7.14,1.0172,1.0375
1352.41,4.31,1.01,9.15,1.5664,1.1819
1832.68,1.68,1.38,14.14,1.413,1.0093
483.83,1.12,0.82,8.86,3.2638,0.9824
4687.94,1.82,0.82,14.37,3.5355,1.0829
2791.32,2.36,2.19,17.92,5.9373,0.9456
1562.35,3.04,2.65,21.87,1.2288,1.0265
2015.06,3.46,2.91,19.22,4.0318,0.9957
2263.65,4.64,2.07,32.31,5.135,1.0062
3022.94,3.04,0.96,5.55,3.5201,0.8013
2602.61,3.01,0.76,20.38,1.6022,1.0008
4600.99,1.2,2.53,9.74,1.6497,1.0413
2509.97,1.14,1.95,6.56,0.2466,1.0084
4961.18,3.2,2.05,14.55,1.9192,1.061
4264.55,2.75,2.45,10.62,4.6785,1.0714
1082.13,4.36,2.26,30.34,0.2986,0.9723
4656.45,1.64,2.59,12.14,1.3779,1.0411
626.01,1.1,0.64,9.79,4.4374,1.0243
4096.38,2.8,2.37,12.33,4.9175,1.0318
1934.09,1.95,2.63,15.68,2.8608,0.9797
4395.97,1.2,1.22,7.52,4.3861,0.9957
4346.88,3.9,2.1,35.1,2.4376,0.9768
4039.33,1.45,1.29,8.66,1.0048,0.9013
3960.65,3.43,2.89,20.26,2.5016,1.0082
1558.16,2.12,0.58,13.62,3.644,0.974
450.55,1.69,1.95,13.33,5.9568,0.98
2044.75,2.52,0.92,24.43,0.432,1.0085
908.95,4.21,2.28,8.94,3.1881,0.7722
3490.01,2.57,0.94,5.02,2.0667,1.1476
1763.19,4,1.09,37.91,3.1938,1.0148
4879.27,1.5,1.74,9.02,0.1506,0.9048
3222.81,4.09,2.79,27.52,1.9668,0.9663
4121.28,1.95,1.03,10.91,5.1514,1.0318
706,3.71,0.86,8.52,3.4805,0.8898
4316.97,3.26,2.4,26.2,2.8311,0.9195
4617.65,4.72,1.75,37.03,1.794,1.0335
2460.96,2.55,2.78,10.58,1.8727,1.0626
3050.95,1.26,0.87,5.19,2.4071,0.9329
3835.81,1.08,2.11,9.28,5.25,1.0371
915.45,4.31,1.08,9.11,6.0772,0.7983
2537.7,3.1,0.89,27.86,2.7562,0.9832
2023.38,4.1,2.21,15.1,2.4715,1.0111
774.55,1.94,1.98,12.67,5.319,1.0172
1869.3,2.38,2.39,22.51,2.6823,0.9952
387.45,1.12,1.27,8.14,3.4684,0.9833
177.77,4.85,1.62,24.34,1.451,1.0368
719.07,3.67,1.51,27.03,4.6716,1.0181
4817.42,4.73,2.96,20.94,3.3426,0.9806
2770.17,2.06,1.23,7.95,5.0833,1.0416
4830.82,3.45,1.24,34.36,4.9055,0.9032
2190.86,3.71,1.39,29.27,1.3509,1.0424
1593.49,2.27,1.91,15.85,4.4965,1.0217
2555.4,4.39,1.13,19.85,5.0269,1.0303
2225.58,4.79,2.79,9.18,2.1747,1.1297
573.04,4.54,1.16,8.01,1.0845,1.0799
3222.09,3.96,2.74,24.57,0.0165,0.8838
1119.39,2.11,0.76,16.83,2.8331,0.9921
3116.96,2.13,2.14,12.9,2.2144,0.9635
3268.5,4.85,2.77,41.97,3.4866,1.006
802.52,1.04,0.92,1.86,1.1815,1.1283
353.68,3.86,2.92,17.84,5.4014,1.0123
3914.77,3.82,1.63,13.45,1.6195,1.061
2326.01,3.49,2.86,18.51,1.4227,0.9905
337.91,4.96,2.19,10.49,3.0204,0.7732
4974.59,2.25,1.25,21.6,3.1344,1.0094
336.01,2.36,0.97,8.02,1.3514,1.0825
3490.42,1.32,1.26,12.29,1.7082,0.9701
4919.21,2.77,0.73,14.19,1.0663,1.0714
1233.94,2.04,0.86,20.19,4.5142,1.0015
754.13,2.37,0.76,14.74,4.8386,1.0279
650.86,4.34,1.56,40.83,2.9049,0.9866
1551.21,4.74,2.49,7.33,4.4867,1.4347
550.18,1.74,0.85,13.7,4.624,1.0208
3476.2,2.49,0.83,22.85,0.8688,0.9594
358.34,4.71,2.11,12.67,6.0707,0.8918
2571.64,1.25,0.99,2.89,5.1587,1.138
4983.65,1.37,0.74,7,1.2848,1.1521
4079.15,1.65,0.92,15.58,1.1697,0.9726
3095.34,3.38,2.81,20.66,0.7896,1.0637
1565.96,1.6,2.55,9.58,0.8695,1.0364
3138.28,4.87,1.39,13.15,4.7008,1.1415
2658.86,2.79,2.14,4.2,2.9509,0.6043
2159.11,3.01,1.84,25.21,4.9193,0.9981
697.02,1.99,2.19,4.46,4.6889,1.2874
4438.69,2.88,2.21,19.86,3.7989,0.9324
2276.43,3.65,2.07,33.83,4.3126,1.0064
1013.38,4,1.17,13.11,0.1153,0.9246
1870.41,4.02,0.6,28.73,1.959,1.0026
2099.94,3.31,1.64,7.18,4.0076,1.0649
4146.31,4.62,2.73,30.62,0.0587,0.9069
3681.39,4.27,1.92,12.35,0.2072,0.9048
3858.06,4.03,2.58,31.24,5.3526,1.0151
104.6,1.22,2.98,4.96,4.2979,1.042
2109.96,1.03,0.91,5.59,1.6674,1.0286
2432.65,1.85,2.23,12.2,4.3226,1.0094
145,3.65,2.19,10.8,4.9792,1.2385
1336.08,2.64,2.95,20.64,1.9276,1.0121
3813.43,2.61,2.96,10.63,0.2264,0.9582
728.69,4.54,2.22,32.36,5.8608,0.9886
2699.79,4.58,1.11,13.04,2.1688,1.0731
1115.25,4.64,2.5,34.08,0.669,1.0034
110,2.26,0.77,5.84,3.0904,0.8462
1243.95,3.76,2.45,19.26,4.8284,1.0561
4880.58,2.09,2.78,7.51,1.3927,1.0931
4017.61,1.76,1.46,13.85,1.6933,1.0681
4799.9,1.74,2.08,6.48,1.525,1.1008
2464.88,2.37,1.58,21.3,6.2309,0.9423
593.19,2.72,1.59,24.7,1.2403,1.0173
2762.4,4.32,1.28,13.71,3.6161,0.9492
2299.17,1.48,2.41,9.94,5.8136,0.9859
4229.57,3.94,2.84,8.85,0.923,1.0724
535.51,3.13,2.85,15.09,6.1001,0.9582
2466.79,2.15,0.94,16.27,5.9532,0.9918
792.74,2.97,2.69,21.11,5.5579,0.9931
1657.15,2.2,2.34,14.98,1.3481,1.0406
3699.92,3.38,1.13,13.2,3.9839,1.0054
2406.29,2.74,0.67,12.89,4.7808,1.0354
1910.65,1.66,1.17,3.94,6.1954,0.8043
2002.66,1.47,2.78,11.16,1.1336,1.0165
2324.26,3.19,2.08,18.43,4.8131,1.0337
3935.83,4.61,2.3,34.69,2.1288,1.0232
4465.82,2.38,1.14,8.59,1.1035,1.0014
4778.91,3.93,2.3,16.74,2.6476,0.8942
3945.17,3.63,0.57,15.78,4.9878,1.0703
1611.26,4.73,1.44,8.12,2.9207,0.7282
3456.27,4.28,2.07,18.84,3.3774,0.9188
2216.14,3.27,0.87,27.2,6.2528,1.0208
1310.62,3.63,2.56,33.11,2.5077,1.0002
4212.31,4.59,1.09,27.12,3.8667,0.9967
240.21,2.6,2.13,13.96,2.2949,1.0039
4513.72,2.31,1.51,4.07,2.4679,0.9168
2334.31,1.04,1.99,9.36,4.3708,1.0327
3204.15,4.31,0.77,6.94,5.8929,0.6498
3313.8,4.2,0.54,40.06,3.4077,0.9647
4480.83,1.42,2.77,8.02,4.828,1.0749
3201.51,3.31,1.17,14.57,0.5605,0.9184
3088.97,2.86,2.55,26.72,1.3267,0.963
379.93,1.47,3,2.52,3.155,0.658
2616.12,4.92,1.03,31.71,0.1257,0.9844
793.34,1.86,1.16,11.46,1.5887,1.0301
3700.3,1.27,2.16,4.27,3.2509,0.9028
2585.5,3.38,2.91,17.39,0.094,1.0283
3417.13,3.96,2.79,27.86,1.6622,1.012
256.28,1.13,1.76,8.68,3.2298,0.9827
469.72,3.63,2.49,5.47,3.6012,0.8422
3595.8,3.13,0.84,29.61,5.8167,0.9978
406.82,1.41,2.94,4.1,4.0548,1.1209
402.72,1.69,2.91,5.89,2.6059,0.9681
109.94,3.27,0.91,12.24,5.8456,0.9541
4784.68,2.19,1.25,3.98,4.9316,1.2475
3700.67,4.75,0.75,12.1,1.2567,1.1401
1798.59,4.27,1.18,42.25,0.8221,1.0114
1517.85,4.93,2.54,20.62,4.2462,1.0352
1781.03,2.04,1.45,5.06,3.5178,0.9062
3884.53,4.88,0.72,11.76,4.9617,1.1246
3323.78,2.72,1.36,20.75,4.642,1.0689
966.72,2.39,2.95,20.95,3.9283,1.0097
911.84,1.2,2.07,4.43,6.1976,0.9152
537.06,1.21,1.54,2.03,3.3526,0.6983
3318.5,3.77,0.92,12.8,0.7107,0.9561
3833.64,2.83,2.97,5.61,5.2042,1.166
1361.98,1.91,2.55,4.53,1.5824,1.114
153.68,3.46,1.2,17.86,4.8839,1.0348
456.75,2.01,0.68,6.95,6.0137,0.9311
4840.91,3.31,0.64,19.48,4.3781,1.0196
1512.45,2.44,0.8,8.91,3.745,0.9798
3857.65,4.29,1.95,40.77,2.8927,0.9492
3142.08,4.28,2.82,39.4,2.2897,1.0203
1940.6,2.91,1.74,18.38,2.218,0.9952
1068.15,2.4,2.61,10.85,3.9984,1.0047
650.86,2.45,1.61,11.61,4.7204,1.0461
3094.31,4.22,2.27,21.12,4.2632,1.0286
3884.44,2.31,2.33,17.77,1.2466,1.0145
3237.33,1.84,0.93,9.8,3.1038,0.9407
2675,1.34,1.4,11.76,4.974,1.0032
257.66,2.87,2.09,27.31,2.9889,0.9895
4844.02,2.93,0.68,12.76,3.3717,0.8865
4003.64,4.36,1.4,27.34,4.8452,1.0061
1499.47,1.88,1.84,4.35,4.1549,1.1326
4900.85,2.52,2.99,8.09,2.572,0.9007
3029.31,4.23,1.69,21.23,5.626,1.0257
2932.99,4.29,2.54,13.97,1.0214,1.0836
3752.96,2.54,1.58,22.72,6.255,0.9408
4068.26,2.84,2.49,8.07,0.7468,1.0513
3299.57,2.21,1.99,11.89,0.0939,0.9613
684.07,4.73,2.72,31.45,5.5922,0.9989
1724.42,1.47,1.53,10.88,1.5391,1.0098
4644.01,4.73,2.01,22.52,4.5848,1.0857
1161.85,3.74,2.08,33.2,5.0958,1.0139
1892.23,3.13,1.54,19.79,5.3972,0.9899
2188.78,1.13,0.86,5.92,6.2304,0.9382
2225.05,2.9,0.73,6.01,1.8475,1.1532
3084.05,2.63,0.54,14.34,4.4626,1.0355
4718.23,1.64,2.68,13.94,0.7251,1.0254
1241.43,3.63,1.09,24.38,2.5561,0.9997
651.43,4.88,1.03,41.88,5.328,1.0038
1027.48,3.25,2.34,18.51,2.3101,0.9914
4440.28,3.86,1.3,9.67,3.714,0.916
3246.76,1.27,1.77,2.06,3.1653,0.6552
1465.24,2.67,0.91,10.89,4.0586,1.0102
4088.94,1.47,2.9,10.89,6.1129,0.9888
4313.78,3.45,2.63,28.36,0.3502,0.9423
4240.25,4.75,2.66,19.08,3.6063,0.9784
4598.69,3.65,1.52,20.84,5.4226,0.984
1298.59,1.31,2.41,6.64,3.0246,0.9759
3787.46,2.42,0.86,12.07,0.4934,1.0077
2329.67,3.2,0.52,11.1,3.522,0.9299
4217.89,2.61,0.55,6.95,2.0865,1.0721
3656.03,4.33,1.97,13.75,0.9735,1.0205
3893.41,4.26,1.64,8.39,5.3346,1.0276
3298,3.45,1.8,10.98,3.2773,0.8771
928.27,2.49,0.52,3.94,5.8639,0.6974
2747.88,2.02,1.56,13.81,5.0644,1.0254
4924.12,1.42,2.3,5.96,4.3541,1.051
4690.07,2.42,1.61,23.64,0.0316,0.9754
263.71,2.65,2.33,8.35,2.6881,0.9436
865.83,3.7,1.08,16.44,1.2408,1.0411
702.06,3.63,2.53,16.5,5.7227,0.9848
3643.6,1.28,1.97,2.01,1.0969,1.1193
4098.04,2.58,1.03,22.28,1.7974,0.8513
1106.88,1.73,1.09,3.06,3.2474,0.6986
2553.97,1.63,2.07,15.45,1.6548,0.9746
4211.48,4.31,2.57,39.14,1.3186,1.0017
3677.37,1.17,1.54,7.07,3.7643,0.9805
2734.07,2.68,1.15,16.38,0.5588,1.032
2972.22,1.67,2.67,11.81,0.3655,0.997
2566.38,4.52,2.17,21.64,2.3389,1.0067
1522.86,3.23,1.62,22.6,4.5281,1.0318
2846.86,1.93,1.72,3.62,3.486,0.8149
3459.98,3.01,1.01,5.9,2.657,0.8614
4372.95,3.93,2.07,21.15,3.5547,1.0238
3199.64,4.83,1.4,29.83,2.2962,0.968
3817.55,1.88,2.99,17.02,5.882,1.0039
842.35,4.54,1.7,10.86,0.345,0.8349
2334.71,4.74,1.71,40.23,4.231,1.0127
96.19,4.67,1.91,15.33,5.6001,0.9855
1271.06,3.54,2.79,17.18,5.051,1.0548
3645.99,3.52,2.5,14.75,1.1564,0.9823
4959.46,2.61,1.63,12.81,1.8594,1.0053
540.93,4.01,2.3,11.14,4.5053,1.2199
2037.4,3.13,1.97,18.06,0.5295,0.9925
4010.35,3.71,1.73,30.84,5.1011,1.0176
1059.98,2.71,0.98,14.26,4.517,1.0235
2797.67,3.93,1.66,22.26,4.5843,1.0136
3678.7,4.3,1.11,37.45,0.6298,1.0418
3099.13,1.59,2.79,11.9,4.5098,1.0148
980.72,4.33,1.34,24.56,4.2714,1.0237
1809.15,3.16,2.88,11.67,5.2208,1.0384
3929.77,4.38,1.83,39.5,0.2614,0.9429
2793.42,2.73,2.08,17.45,0.1452,1.0028
75.89,2.52,1.86,8.5,2.3437,1.0064
3816.9,4.66,0.82,17.65,0.9349,1.1107
224.79,2,1.44,16.69,3.5084,0.9871
3741.38,4.38,0.75,8.21,5.7639,0.8723
1052.28,2.94,2.06,29.16,2.4597,0.9842
4792.46,3.06,1.62,7.97,5.309,1.0706
1871.31,2.23,2.44,18.47,0.0015,1.0036
1668.31,3.29,1.05,15.99,1.0588,0.9881
787,2.3,0.91,13.08,0.1912,0.9697
1562.74,1.16,1.52,10.4,2.0618,0.9981
4389.42,2.09,2.82,10.46,5.7063,0.9537
4981.85,1.03,2.28,6.22,0.6092,1.0101
1873.13,4.91,1.55,9.43,3.8102,1.0086
2270.62,4.86,1.79,7.39,2.8368,0.6848
3624.25,2.58,0.71,9.24,5.8966,0.9532
4436.67,3.91,2.96,28.51,0.7698,1.0047
2985.57,2.38,2.17,6.03,1.3322,1.1319
1988.05,3.68,1.21,9.09,0.1856,0.8207
2092.48,4.22,1.96,21.08,2.7265,0.9966
3493.31,4.79,0.77,33.54,1.7457,1.0295
65.93,2.6,2.91,19.64,5.4658,1.0015
3116.97,4.13,0.94,12.47,3.801,0.9533
1809.69,2.06,2.12,4.49,3.8584,1.0011
3981.28,4.96,1.11,47.1,3.3421,0.9828
510.3,1.1,2.29,4.1,0.5771,0.9651
2961.6,3.41,2.44,29.89,2.7961,0.94
2430.82,3.64,2.18,32.16,6.2801,0.9726
3229.51,3.75,2.04,30.27,5.2479,1.0243
371.03,1.48,2.73,4.35,5.6138,1.0402
2920.92,4.75,0.7,40.34,5.1725,0.9787
2829.35,1.72,1.33,13.86,0.6474,0.9728
2825.27,3.49,1.12,22.94,1.4291,1.0094
3037.26,1.89,2.97,8.26,0.0196,0.9368
3398.52,2.23,1.47,8.32,1.907,1.1307
4034.7,3.19,2.33,8.08,0.6824,1.019
1385.61,2.67,2.21,15.57,2.9706,0.9866
4133.99,1.64,1.03,10.62,4.2545,1.063
2516.37,1.68,1.1,7.67,5.4947,0.9763
431.44,2.67,1.2,14.81,4.7075,1.0273
339.83,4.03,1.53,18.49,5.8973,0.9628
1704.48,4.59,1.09,31.91,0.3387,1.0067
3935.24,1.34,0.55,12.24,0.0765,0.9667
3553.02,2.57,2.7,7.44,4.1553,1.0175
3953.64,1.4,2.91,6.64,1.8181,1.0223
2610.48,1.07,1.35,2.88,1.5928,1.1186
2228.99,3.65,1.35,24.84,2.079,1.0175
779.89,3.41,0.52,26.24,1.6952,1.0183
1674.55,1.65,2.2,15.56,3.2134,0.975
2198.4,1.94,2.56,7.49,2.7655,0.9674
488.57,1.09,0.87,10.48,3.2197,0.9861
1142.03,4.34,0.9,8.84,4.2268,1.2002
3011.22,4.9,2.48,32.46,2.4324,1.0175
3691.53,1.54,2.04,3.06,1.579,1.2252
4991.82,1.93,0.61,17.52,1.0443,0.9776
4668.91,4.47,2.06,26.86,2.1958,1.0367
3230.7,4.71,1.27,33.83,4.6609,0.9915
2135.18,2.68,1.42,22.95,4.7545,1.0054
3199.08,1.2,2.42,3.34,4.1903,1.0945
3938.98,1.16,2.53,2.12,1.4704,1.3619
635.76,3.3,1.5,29.56,3.6951,0.9984
2079.03,2.57,2.87,10.74,3.5857,0.9747
4207.02,1.11,1.52,2.89,3.0427,0.8772
1949.97,3.33,2.43,18.27,3.4556,0.9523
2880.77,1.05,1.71,6.88,3.09,0.9804
2959.46,4.15,2.74,7.32,3.5529,0.8176
963.16,2.23,2.77,8.54,4.4957,1.0651
1843.07,1.16,0.72,2.07,0.6888,0.9093
1705.83,3.35,2.84,17.01,4.71,1.0453
179.67,2.59,2.56,23.6,0.8538,1.0012
169.75,4.9,2.48,48.23,0.4186,0.9932
4166.9,3.18,1,21.97,6.1329,0.9289
1401.7,2.1,2.51,6.04,6.013,0.9025
2614.49,3.84,2.63,35.31,0.3797,1.0278
1528.69,2.09,1.22,12.28,2.785,0.9832
4706.36,4.62,2.88,12.96,1.1702,1.0896
1333.52,2.5,0.62,23.33,3.0495,1.014
2176.8,3.2,0.87,25.4,5.2162,0.9789
4370.01,1.2,1.84,9.28,5.9729,0.9379
4217.57,2.7,1.94,20.36,3.9851,1.0744
971.2,4.33,2.11,13.87,2.2237,1.0303
4023.08,4.22,0.54,13.91,3.7908,0.9695
2318.03,1.9,2.9,13.95,1.9604,0.9855
2440.7,1.9,0.61,6.41,5.7166,0.9769
710.73,4.27,0.86,22.32,5.4689,1.0066
448.98,4.72,0.54,38.47,3.5075,0.9839
3653.3,1.38,1.92,11.28,2.0408,1.0038
2507.48,2.8,2.83,14.99,1.8434,1.0216
2212.41,2.35,2.16,19.35,0.21,0.9922
3661.07,4.48,2.56,38.68,5.126,0.9682
3839.29,1.33,0.53,9.43,2.8298,1.0319
836.6,1.84,1.86,6.35,2.0429,1.0594
3070.61,4.01,1.65,15.35,2.9601,0.9254
720,1.21,1.75,5.03,5.1443,1.0366
3769.31,2.97,0.68,7.4,0.783,1.002
3301.93,2.77,2.21,10.58,5.3888,0.9913
4785.24,2.34,1.76,7.67,5.6392,0.9569
391.34,2.58,2.41,13.85,5.9483,0.972
332.42,3.12,1.71,28.77,2.4975,1.0021
1446.83,1.65,0.87,3.93,1.3643,1.1348
